concept,questions
menkaure pyramid,"- Question: An archaeologist discovers a partially completed red granite casing at the base of a monumental structure resembling the one in the image. Considering the construction practices of the time, what is the most likely reason the workers from Aswan would have ceased applying the granite, leaving it unfinished? Options: (A) A sudden shift in religious beliefs deeming granite unsuitable for sacred structures. (B) A change in trade routes making granite too expensive to transport. (C) An abrupt halt in the project due to the ruler's unexpected death or a shift in resource allocation. (D) A societal revolt against the use of such heavy materials for pyramid construction.
- Answer: (C) An abrupt halt in the project due to the ruler's unexpected death or a shift in resource allocation.
- Reason: The provided introduction states that the red granite casing on the Menkaure Pyramid was left unfinished, especially on the north face. It suggests that this could have been due to Menkaure's reign ending before the pyramid could be completed, or a change in resources, making option (C) the most plausible answer.
"
Nefertiti,"- Question: During a time of significant religious change where traditional deities are being replaced with the worship of a single sun god, a royal sculptor is commissioned to create a bust. What artistic characteristic would be most unusual for this period, breaking from previous traditions?
    Options: (A) Perfectly symmetrical features (B) Highly realistic and individualized traits (C) Depiction wearing traditional headdress and regalia (D) Constructed by using a material that is widely found
- Answer: (B) Highly realistic and individualized traits
- Reason: The Amarna period, during which Nefertiti lived, saw a shift towards more naturalistic and individualized artistic representations of the royal family, breaking from the idealized and standardized depictions of earlier Egyptian art. Perfectly symmetrical features and the traditional headdress/regalia would be more expected in earlier periods, not during the Amarna revolution in art. Using materials widely found would be an expected element of any time period. Therefore, highly realistic traits would be unusual.
"
pyramid of Djosr,"- Question: A group of modern architects is tasked with designing a new national monument intended to symbolize a progressive era and reverence for a past leader. Drawing inspiration from the image, which architectural principle would they MOST likely prioritize to achieve a similar sense of historical importance and innovation? Options: (A) Using sustainable, locally sourced materials exclusively for environmental responsibility. (B) Incorporating advanced technology for interactive visitor experiences and digital displays. (C) Creating a layered, multi-tiered structure to represent evolution and advancement over time. (D) Designing a sleek, minimalist structure using glass and steel to project a modern, futuristic aesthetic.
- Answer: (C) Creating a layered, multi-tiered structure to represent evolution and advancement over time.
- Reason: The image shows a step pyramid, a layered structure that signified a progression from earlier tomb designs. Modern architects seeking to emulate a similar sense of historical importance and innovative tribute would most likely prioritize a design that reflects evolution and advancement over time, mirroring the step pyramid's historical context and symbolic value.
"
Ramessum,"- Question: A local festival celebrating the Pharaoh's reign includes a dramatic reenactment of a famous battle. Costumes and props are meticulously prepared. Given the historical purpose of the structure in the image, which scene would MOST likely be prominently displayed during this reenactment to emphasize the Pharaoh's power and divine connection? Options: (A) A scribe meticulously copying religious texts. (B) The Pharaoh single-handedly defeating an opposing army. (C) Farmers harvesting crops and offering them to the temple. (D) Craftsmen constructing the temple's massive columns.
- Answer: (B) The Pharaoh single-handedly defeating an opposing army.
- Reason: The reliefs within the structure prominently depicted the pharaoh's military victories, particularly the Battle of Kadesh, even if exaggerated. This imagery was central to showcasing the pharaoh's power and divine status, making a scene of him single-handedly defeating the enemy the most likely choice for a dramatic reenactment.
"
Ramses II Red Granite Statue,"- Question: In a hypothetical scenario where an ancient Egyptian priest seeks to consecrate a new temple dedicated to ensuring the continued fertility of the Nile Valley during Ramses II's reign, which element associated with the figure depicted in the image would be most crucial to incorporate into the temple's rituals?
Options: (A) Replicas of military weapons, symbolizing protection of the Nile. (B) Images of the double crown, representing unified rule and abundance. (C) Statues depicting the pharaoh's diplomatic meetings. (D) Models of the pyramids, ensuring the pharaohs eternal legacy
- Answer: (B) Images of the double crown, representing unified rule and abundance.
- Reason: The double crown symbolizes the unification of Upper and Lower Egypt, representing the pharaoh's control over the entire land, including the Nile Valley. In a ritual aiming to ensure the Nile's fertility, emphasizing the unified rule and control over the region would be most relevant.
"
sphinx,"- Question: A renowned artist seeks to create a sculpture symbolizing the harmonious balance between intellect and raw power. Drawing inspiration from ancient monuments, which animal representation would most likely be combined with a human figure, reflecting the historical significance of the image?
Options: (A) A Bull (B) A Horse (C) A Lion (D) An Eagle
- Answer: (C) A Lion
- Reason: Historically, the image shows a hybrid creature with a lion's body and a human head. The lion symbolizes raw power and authority, while the human head represents intellect and wisdom. This combination embodies the harmonious balance between intellect and power.
"
Statue of king Zoser,"- Question: Imagine a modern Egyptian artisan wants to create a piece that honors a pharaoh known for pioneering architectural innovation. Considering the cultural context of that era, what symbolic element would the artisan most likely incorporate into their artwork to reflect the pharaoh's legacy? Options: (A) A depiction of a chariot race (B) A miniature replica of an obelisk (C) A seated figure wearing a sed-festival robe (D) Hieroglyphs detailing military victories
- Answer: (C) A seated figure wearing a sed-festival robe
- Reason: The statue depicts Djoser seated and wearing a *sed* festival robe. Djoser is known for pioneering architectural innovation and the *sed* festival was a jubilee ritual celebrating the king's continued fitness to rule. Therefore, the seated figure wearing the robe is a symbolic element.
"
Statue of Tutankhamun with Ankhesenamun,"- Question: Imagine a modern museum curator is designing an exhibit focusing on royal couples throughout history. To highlight the concept of a ruler's transition and return to tradition, which aspect of the depicted relationship would they most likely emphasize in the exhibit's description?
    Options: (A) The display of lavish jewelry and adornments worn by both figures. (B) The intimacy and active role of the queen, reflecting a shift in royal image. (C) The depiction's adherence to strict, formal artistic conventions. (D) The romanticized legend surrounding the couple's untimely deaths and supposed curse.
- Answer: (B) The intimacy and active role of the queen, reflecting a shift in royal image.
- Reason: The exhibit aims to highlight a transition and a return to tradition. Depictions of the couple showcase an intimacy and the queen's active role, which contrast with the preceding period of Akhenaten and emphasize the move back to traditional values and royal image, making it the most relevant aspect for the curator to emphasize.
"
Temple of Isis in Philae,"- Question: A family is planning a trip to Egypt with the primary goal of experiencing and learning about ancient Egyptian religious practices. Considering the image and knowing that they wish to witness a site where traditional beliefs persisted unusually late into the Byzantine period, which site would be most suitable for them to visit? Options: (A) Giza Pyramid Complex (B) Valley of the Kings (C) The structure in the image (D) Karnak Temple
- Answer: (C) The structure in the image
- Reason: The introduction states that the temple complex in the image remained an active pagan religious center well into the Byzantine period, with evidence suggesting worship of Isis continued until at least the 6th century AD. This makes it the most suitable option for the family's goal of experiencing ancient Egyptian religious practices that persisted unusually late.
"
Temple of Kom Ombo,"- Question: A local healer, during the Greco-Roman period, requires divine intervention for a difficult childbirth. Based on the religious significance of the structure in the image, which deity's blessing would they most likely seek at this location, considering its architectural duality? Options: (A) Osiris (B) Sobek (C) Ra (D) Anubis
- Answer: (B) Sobek
- Reason: The image shows the Temple of Kom Ombo. The temple is dedicated to two triads of deities, one of which includes Sobek, the crocodile-headed god associated with fertility and protection. Therefore, a healer seeking divine intervention for childbirth would most likely seek the blessing of Sobek.
"
The Great Temple of Ramesses II,"- Question: A local tour guide is explaining the significance of facing the main structure towards the east. Which aspect of ancient Egyptian beliefs is MOST directly related to this orientation? Options: (A) The importance of the Nile River for agriculture (B) The pharaoh's role as a divine ruler connected to the sun (C) The reverence for the afterlife and mummification practices (D) The emphasis on hieroglyphic writing and record-keeping
- Answer: (B) The pharaoh's role as a divine ruler connected to the sun
- Reason: The temple's orientation towards the east aligns with the rising sun, which was associated with the sun god and the pharaoh's divine power. This is further reinforced by the ""sun miracle"" where the rising sun illuminates the statues within the temple's inner sanctuary, emphasizing the pharaoh's connection to the sun god and his divine right to rule.
"
Akhenaten,"    
    - Question: Imagine a foreign dignitary is visiting the ruler depicted in the image during a religious festival. In what symbolic act would the ruler most likely participate to emphasize the central religious doctrine of his reign during the festival?
    Options: (A) Offering sacrifices to traditional Egyptian gods (B) Leading a procession towards a newly built temple dedicated to a singular solar deity (C) Participating in a traditional boat race on the Nile to honor local deities (D) Distributing land and wealth to the traditional priesthood
    - Answer: (B) Leading a procession towards a newly built temple dedicated to a singular solar deity
    - Reason: Akhenaten is known for his focus on the Aten, the sun disc, and his religious reforms centered on the worship of this singular deity. Therefore, leading a procession towards a temple dedicated to the Aten would be the most fitting symbolic act to emphasize the central religious doctrine of his reign.
    "
Amenhotep III and Queen Tiye,"- Question: During a diplomatic mission to a neighboring kingdom, which gift presented by the Egyptian delegation would best symbolize the wealth, artistic refinement, and the prominent role of women in the Egyptian court of the time? Options: (A) A shipment of expertly crafted chariots and weapons (B) A collection of papyrus scrolls detailing administrative procedures (C) A life-sized, elaborately adorned statue depicting both the pharaoh and his Great Royal Wife (D) A selection of exotic animals, such as lions and giraffes, for the royal menagerie
- Answer: (C) A life-sized, elaborately adorned statue depicting both the pharaoh and his Great Royal Wife
- Reason: A statue depicting both the pharaoh and his Great Royal Wife directly reflects the artistic refinement and the elevated status of women, especially the queen, during that period. The presence of both figures in a grand statue emphasizes the queen's significant role in the kingdom alongside the pharaoh, symbolizing the prosperity and unique cultural aspects of their reign more effectively than the other options.
"
The Bent Pyramid,"- Question: A local tour guide is explaining the significance of structures like the one in the image to a group of tourists. To emphasize the historical context, which aspect of the reign of the pharaoh associated with this structure would the guide MOST likely highlight? Options: (A) His extensive military campaigns and territorial expansion (B) His innovative agricultural policies that boosted crop yields (C) His role in transitioning from step pyramids to true pyramids (D) His diplomatic efforts to establish peaceful relations with neighboring kingdoms
- Answer: (C) His role in transitioning from step pyramids to true pyramids
- Reason: The Bent Pyramid is a significant example of the transition from step pyramids to true pyramids during the reign of Pharaoh Sneferu. Highlighting this transition places the structure within its proper historical and architectural context, showcasing the evolution of pyramid construction in ancient Egypt.
"
Bust of Ramesses II,"- Question: Imagine a newly discovered temple complex dedicated to a pharaoh, similar to the figure depicted in the image, is being inaugurated. Which ritual is most likely to be performed to consecrate a statue of the pharaoh placed within the temple, symbolizing the restoration of his power and connection to the gods? Options: (A) A ritualistic cleansing of the statue with Nile water and anointment with sacred oils. (B) A feast involving the consumption of indigenous desert animals. (C) A symbolic hunt showcasing the pharaoh's martial prowess. (D) A public debate challenging the pharaoh's legitimacy.
- Answer: (A) A ritualistic cleansing of the statue with Nile water and anointment with sacred oils.
- Reason: In ancient Egypt, statues of pharaohs were considered sacred and were believed to embody the spirit and power of the ruler. The ritualistic cleansing with Nile water and anointment with sacred oils would symbolize purification, renewal, and the re-establishment of the pharaoh's divine connection, fitting the image's representation of royal and divine power.
"
The Colossal Statue of Ramesses II,"- Question: A modern Egyptian artist is creating a national monument intended to symbolize the country's resilience and cultural heritage following a period of significant political and social upheaval. Drawing inspiration from the architectural traditions reflected in the image, which aspect would they most likely emphasize in their design? Options: (A) The intricate depiction of everyday life and domestic scenes (B) The colossal scale and imposing presence to convey strength and stability (C) The use of bright colors and decorative elements to celebrate diversity and joy (D) The incorporation of hidden chambers and secret passages to symbolize mystery and intrigue
- Answer: (B) The colossal scale and imposing presence to convey strength and stability
- Reason: The colossal statues from the image were designed to project power and stability. In a similar context of creating a monument to represent resilience, artists would want to convey similar attributes of stability and strength through size and imposing nature.
"
The Colossi of Memnon,"- Question: A traveler in antiquity, seeking an audience with the mythical figure associated with these monuments, would most likely plan their visit to coincide with what specific time of day? Options: (A) Midday, when the sun is at its zenith (B) Dawn, to hear the figure's greeting to his mother (C) Dusk, for a quiet moment of reflection (D) Midnight, under the light of the full moon
- Answer: (B) Dawn, to hear the figure's greeting to his mother
- Reason: The monuments were associated with the mythical Memnon, son of Eos (goddess of Dawn). The legend claimed that the sound emitted from one of the statues at dawn was Memnon greeting his mother. Thus, someone seeking an audience would logically visit at dawn.
"
The goddess Isis,"- Question: A newly married couple in ancient Egypt seeks a blessing for a prosperous marriage and healthy offspring. Which offering would be considered most appropriate to present at a temple associated with the deity depicted in the image? Options: (A) A statue of a bull (B) A necklace with a throne-shaped pendant (C) A miniature war chariot (D) A collection of papyrus scrolls on astronomy
- Answer: (B) A necklace with a throne-shaped pendant
- Reason: The goddess is often depicted with a throne symbol on her head, representing her connection to royalty and protection of the pharaoh. Therefore, a necklace with a throne-shaped pendant is a fitting offering seeking her blessing for a prosperous family life, aligning with her role as a protector of the royal family and symbol of motherhood.
"
Hatshepsut,"Image: [Imagine an image of Hatshepsut's mortuary temple at Deir el-Bahri.]

- Question: A religious festival is being planned to celebrate the bounty brought back from a distant land, known for its rich resources and exotic goods like frankincense and myrrh. Which location is most likely to host the culminating ceremonies, given its architectural grandeur and historical connection to such expeditions? Options: (A) A newly constructed pyramid complex in Saqqara (B) A military fort near the Nile Delta (C) The terraced temple complex depicted in the image, built into the cliffs (D) A bustling marketplace in Memphis
- Answer: (C) The terraced temple complex depicted in the image, built into the cliffs
- Reason: Hatshepsut's mortuary temple at Deir el-Bahri is famed for its connection to the trade expedition to the Land of Punt, which brought back valuable resources like frankincense and myrrh. The reliefs and inscriptions within the temple complex celebrate this successful expedition. Its architectural grandeur makes it a fitting location for a major religious festival celebrating such bounty.
"
The Hatshepsut Temple,"- Question: An artist wants to create a contemporary art installation that reflects a powerful female leader's legacy. Using the architectural style and the historical context suggested by the image, which element would best symbolize her ambition to legitimize her unconventional rule and connect with the divine? Options: (A) A series of pyramids representing traditional power. (B) A terraced structure blending seamlessly with the natural landscape, adorned with depictions of trade expeditions and divine birth. (C) A large, imposing statue of a male deity. (D) A dark, enclosed chamber symbolizing the mysteries of death.
- Answer: (B) A terraced structure blending seamlessly with the natural landscape, adorned with depictions of trade expeditions and divine birth.
- Reason: The image evokes the architectural style of the Hatshepsut Temple, which features a terraced design integrated into the landscape. The Punt Reliefs and Birth Colonnade (divine birth) of the Hatshepsut Temple served to showcase Hatshepsut's achievements and divine legitimacy, respectively. A terraced structure is the main feature of the Hatshepsut Temple.
"
The Khafre Pyramid,"- Question: A local artisan is crafting souvenirs to sell to tourists visiting the site in the image. To best capture the essence of the location and ensure the souvenirs resonate with visitors seeking authentic representations, which material would they most likely use for their creations? Options: (A) Jade (B) Limestone (C) Silk (D) Mahogany
- Answer: (B) Limestone
- Reason: Given that the pyramid is constructed primarily of limestone and its surrounding landscape is dominated by this material, limestone souvenirs would most authentically represent the location and connect with visitors seeking genuine cultural artifacts.
"
The Mask of Tutankhamun,"- Question: A museum curator is planning a new exhibit showcasing artifacts from the Valley of the Kings. Understanding the cultural beliefs of the time, which precaution would the curator most likely emphasize to respect the ancient Egyptians' views on the afterlife when displaying items found in tombs?
    Options: (A) Encouraging visitors to touch the artifacts to connect with history. (B) Displaying the artifacts in a way that suggests continuity between earthly life and the afterlife, possibly incorporating symbolic imagery of the journey through the underworld. (C) Presenting artifacts in a purely secular, scientific context, dismissing religious interpretations. (D) Removing all inscriptions and symbolic elements to avoid misinterpretations of the objects' purpose.
- Answer: (B) Displaying the artifacts in a way that suggests continuity between earthly life and the afterlife, possibly incorporating symbolic imagery of the journey through the underworld.
- Reason: The mask and other funerary objects were created with the strong belief in the afterlife, to ensure the pharaoh's safe passage and transformation into a divine being. Option B respects this cultural context by presenting the artifacts in a way that acknowledges this belief in continuity between earthly and afterlife realms, showing understanding and respect for ancient Egyptian culture and religion.
"
Bab_al-Nasr_(Cairo),"- Question: During the annual moulid (religious festival) celebrating a local saint, families from the surrounding neighborhoods gather near the structure depicted in the image. Considering its historical and cultural significance, what would be a common activity people might engage in near this gate, hoping for blessings and good fortune? Options: (A) Organizing a protest against the local government (B) Touching the stones of the gate, seeking baraka (divine blessing) (C) Selling modern, mass-produced souvenirs (D) Holding a historical reenactment with accurate costumes and props
- Answer: (B) Touching the stones of the gate, seeking baraka (divine blessing)
- Reason: The introduction mentions that people may touch the stones of Bab al-Nasr seeking *baraka* (divine blessing) due to its age and historical significance. This aligns with the cultural context of a moulid, a religious festival where people often seek blessings and spiritual connection.
"
Mortuary_Temple_of_Seti_I_in_Qurna,"- Question: A modern film crew is shooting a historical drama about ancient Egyptian funerary rites. Considering the architectural style and purpose suggested by the image, in which specific area would the filming of a scene depicting the pharaoh's symbolic rebirth and connection to the afterlife be most appropriate?
    Options: (A) Within a reconstructed pylon entrance showcasing royal processions. (B) In the hypostyle hall, emphasizing the grandeur of religious ceremonies. (C) Inside a replica of the Osireion, highlighting the mysteries of death and resurrection. (D) Near simulated chapels filled with statues of various Egyptian deities
- Answer: (C) Inside a replica of the Osireion, highlighting the mysteries of death and resurrection.
- Reason: The Osireion is a unique, underground structure within the temple complex designed to symbolically represent the tomb of Osiris and the pharaoh's connection to the afterlife. Filming the scene depicting the pharaoh's symbolic rebirth in a replica of the Osireion would be the most appropriate, as it directly relates to the funerary rites and mysteries of death and resurrection that were central to ancient Egyptian beliefs.
"
Great_Pyramid_of_Giza,"- Question: A visiting dignitary, unfamiliar with local customs, plans to present a gift to a prominent Egyptian archaeologist at the site shown in the image. Which of the following gestures would be considered most respectful and culturally appropriate in this setting? Options: (A) Offering a toast with alcoholic beverages during the presentation. (B) Presenting the gift wrapped in brightly colored paper with loud, festive designs. (C) Making direct eye contact and using a firm handshake during the exchange. (D) Presenting a modest, thoughtful gift with a sincere expression of appreciation for their work.
- Answer: (D) Presenting a modest, thoughtful gift with a sincere expression of appreciation for their work.
- Reason: In Egyptian culture, especially within a professional and historical context, modesty and respect are highly valued. A sincere, thoughtful gift shows appreciation without being ostentatious, which could be seen as disrespectful or insensitive to the historical significance of the site. Options A and B are inappropriate due to cultural norms regarding alcohol and overly flashy displays, while option C might be misinterpreted depending on individual personalities and social context.
"
Umm_Kulthum_Museum,"- Question: A renowned composer is invited to a prestigious event held at the location depicted in the image. Knowing the cultural significance associated with this place, what type of musical instrument is most likely to be prominently featured during a performance at this event? Options: (A) Electric Guitar (B) Oud (C) Piano (D) Synthesizer
- Answer: (B) Oud
- Reason: The image depicts the Umm Kulthum Museum. Considering Umm Kulthum's legacy as an iconic Arabic singer, and the museum's focus on her life and career, it is most likely that an Oud, a traditional stringed instrument central to Arabic music, would be prominently featured in a musical performance at this event.
"
Wadi_el-Raiyan,"- Question: A group of Egyptian engineers is celebrating the anniversary of a large-scale water management project aimed at alleviating waterlogging in a nearby agricultural region. Which geographic feature, now a popular tourist destination with unique desert waterfalls, is most likely the result of their efforts? Options: (A) A newly discovered ancient temple complex (B) An extensive network of irrigation canals within the Nile Delta (C) A desert depression transformed into interconnected lakes (D) A series of terraced farms carved into a mountainside
- Answer: (C) A desert depression transformed into interconnected lakes
- Reason: The scenario describes a water management project leading to a geographic feature with waterfalls. Wadi El-Raiyan was created as a result of diverting drainage water into a desert depression, resulting in the formation of interconnected lakes and waterfalls, aligning perfectly with the description.
"
Al-Shate'e_Mosque,"- Question: A local fisherman, preparing for a long journey at sea for sustenance, seeks blessings for a safe voyage and a bountiful catch. Observing the architectural style and considering the geographical context suggested by the image, in which direction would he most likely orient himself during his pre-departure prayers within the mosque? Options: (A) Towards the open sea, symbolizing his journey (B) Towards Mecca, aligning with Islamic tradition (C) Towards the Nile River, seeking its blessings (D) Towards the city center, acknowledging the community.
- Answer: (B) Towards Mecca, aligning with Islamic tradition
- Reason: Regardless of the mosque's coastal location or architectural style, the fundamental direction of prayer in Islam is always towards the Kaaba in Mecca. Therefore, even in a mosque situated near the sea, the fisherman would orient himself towards Mecca for his prayers, aligning with the universal Islamic practice.
"
Wadi_el_Gemal_National_Park,"- Question: A local Ababda guide in this region is asked by tourists about the ideal time for a traditional desert celebration involving camel races and storytelling around a bonfire. Considering the climatic conditions and cultural practices, when would this event most likely take place?
Options: (A) During the peak of summer to honor the sun god. (B) In the rainy season to celebrate abundance and fertility. (C) In the cooler months of winter to avoid extreme heat. (D) During the full moon of the hottest month to test endurance.
- Answer: (C) In the cooler months of winter to avoid extreme heat.
- Reason: Given the harsh desert environment of Wadi el-Gemal, the cooler months of winter would be the most suitable time for outdoor celebrations and activities like camel races. The extreme heat of summer would make such events unbearable, aligning with practical considerations for health and comfort.
"
Bayt_Al-Suhaymi,"- Question: A newlywed couple is moving into a home similar to the one depicted in the image. To maintain a sense of privacy and respect for traditional customs, which architectural feature would they most likely use to ensure women in the household can observe the street activities without being directly visible to outsiders?
    Options: (A) Open rooftop terraces (B) Large, clear glass windows (C) Intricately carved wooden latticework screens (D) Ground-level entrances with no barriers
- Answer: (C) Intricately carved wooden latticework screens
- Reason: The intricately carved wooden latticework screens, known as mashrabiyas, were traditionally used to provide privacy for women in the household, allowing them to observe the outside world without being seen, which aligns with traditional customs of privacy and segregation of spaces.
"
Na'ama_Bay,"- Question: A newlywed couple seeks a destination that balances relaxation with opportunities to experience local culture. Given its unique history and character, which type of experience would most closely represent an authentic cultural interaction for them in this location? Options: (A) Participating in a professionally organized desert safari with a pre-set itinerary (B) Learning a few basic phrases in Arabic to communicate with local shopkeepers (C) Visiting a nearby Bedouin village and sharing a traditional meal with a family (D) Spending an afternoon haggling for souvenirs in a tourist-oriented bazaar
- Answer: (C) Visiting a nearby Bedouin village and sharing a traditional meal with a family
- Reason: While all options offer some form of interaction, visiting a Bedouin village and sharing a meal provides a more authentic and immersive experience of local culture. It allows for direct engagement with the community, offering insights into their traditions and way of life, which is a more meaningful cultural exchange compared to the other, more superficial options.
"
Elephantine,"- Question: A merchant traveling south along the Nile encounters difficulties navigating the river's strong currents and rocky terrain. Aware of the dangers, he seeks guidance on where to safely transfer his goods and obtain provisions before continuing his journey further south. Based on the image, which settlement is most likely the best choice for this merchant? Options: (A) A newly established village focused primarily on agriculture. (B) A fortified island known for controlling river traffic and trade with Nubia. (C) A remote desert oasis with limited resources. (D) A small fishing village with minimal infrastructure.
- Answer: (B) A fortified island known for controlling river traffic and trade with Nubia.
- Reason: The image depicts a location strategically positioned within the Nile, suggesting a key point for controlling river traffic. Based on the introduction, Elephantine was historically a fortified island known for facilitating trade between Egypt and Nubia, making it the logical choice for a merchant seeking a safe transfer point and provisions.
"
Siwa,"- Question: A traveler seeks guidance on a matter of great importance, believing a divine figure can offer clarity. Following an arduous journey to a remote oasis, the traveler hopes to receive a pronouncement that will shape their destiny. Which historical event mirrors this scenario? Options: (A) The construction of the Suez Canal (B) The founding of Cairo (C) Alexander the Great's visit to the Oracle of Amun (D) The Arab Spring uprising in Tahrir Square
- Answer: (C) Alexander the Great's visit to the Oracle of Amun
- Reason: Alexander the Great traveled to Siwa Oasis to consult the Oracle of Amun, seeking divine guidance that would legitimize his rule and future endeavors, which directly reflects the scenario described.
"
Colossi_of_Memnon,"- Question: A tour guide explains that these figures once stood guard at the entrance to a mortuary temple dedicated to a powerful ruler. Knowing that the sun was a central deity in the religious beliefs of the civilization that created these figures, towards which cardinal direction were the faces of these figures most likely oriented? Options: (A) West, towards the setting sun and the afterlife (B) North, towards the source of the Nile (C) East, towards the rising sun and rebirth (D) South, towards the administrative centers of the kingdom
- Answer: (C) East, towards the rising sun and rebirth
- Reason: Given the cultural significance of the sun in ancient Egyptian religion, particularly its association with rebirth and the afterlife, it's logical that the figures would face east towards the rising sun. This alignment would symbolize the pharaoh's eternal connection to the sun god and the cycle of death and resurrection, integral to mortuary beliefs.
"
Pyramid_of_Unas,"- Question: An archeologist is preparing to present their findings on the structure in the image at an academic conference. Knowing that this structure contains some of the earliest known examples of complex religious writings, which aspect would they most likely emphasize to an audience interested in ancient Egyptian beliefs about the afterlife? Options: (A) The pyramid's relatively small size compared to other royal tombs (B) The intricate astronomical alignments of the pyramid's outer structure (C) The presence of detailed textual inscriptions on the internal chamber walls (D) The discovery of numerous valuable artifacts within the burial chamber.
- Answer: (C) The presence of detailed textual inscriptions on the internal chamber walls
- Reason: The Pyramid of Unas is most famous for being the first pyramid to contain the Pyramid Texts, which are crucial for understanding ancient Egyptian religious beliefs about the afterlife. Therefore, this aspect would be the most relevant and significant for an audience interested in this topic.
"
Cairo_Citadel,"- Question: A high-ranking official is hosting a delegation to discuss regional stability. To impress upon them the historical depth and resilience of Egypt while providing a secure and panoramic view of the city, where would this meeting most likely be held?
Options: (A) A modern hotel overlooking the Nile (B) A traditional coffee house in Khan el-Khalili (C) A location within the structure shown in the image (D) A newly built convention center in downtown Cairo
- Answer: (C) A location within the structure shown in the image
- Reason: The image depicts the Cairo Citadel, a historical fortress known for its strategic location, panoramic views, and long history as a seat of power. Hosting the delegation there would emphasize Egypt's historical depth and resilience while offering a secure location with impressive views, aligning with the scenario's goals.
"
Mastabat_al-Fir'aun,"- Question: A local Egyptian tour guide is explaining the unique features of royal burial sites to a group of tourists. Pointing towards the structure in the image, he mentions that its unconventional design may reflect a change in priorities during the pharaoh's reign. Which of the following changes is MOST likely being alluded to by the tour guide?
Options: (A) A shift towards incorporating more intricate astronomical alignments into the tomb's design. (B) A shift in the pharaoh's focus from monumental construction projects to prioritizing agricultural development and trade. (C) A shift in the emphasis of royal power away from traditional sun worship towards a different form of religious expression. (D) A shift toward constructing underground labyrinths to confuse tomb robbers.
- Answer: (C) A shift in the emphasis of royal power away from traditional sun worship towards a different form of religious expression.
- Reason: The Mastabat al-Fir'aun represents a departure from the pyramid form associated with the sun god Ra, hinting at a potential shift in religious beliefs or a challenge to the traditional cult of Ra during Shepseskaf's reign. Options A and D are not related to the unique characteristics of the image. Option B is related, but C better reflects the historical context and cultural significance of this site.
"
Great_Hypostyle_Hall_of_Karnak,"- Question: Imagine a delegation of foreign dignitaries is visiting Egypt to discuss cultural preservation efforts. Considering the historical context and purpose of the structure depicted, which activity would be most appropriate to suggest they participate in while visiting this site to foster a deeper understanding of ancient Egyptian values?
Options: (A) A reenactment of a pharaoh's coronation ceremony (B) A modern art exhibition showcasing interpretations of the structure's design (C) A scholarly lecture on the mathematical principles used in its construction (D) A quiet moment of reflection amidst the columns to contemplate the pharaoh's connection to the divine.
- Answer: (D) A quiet moment of reflection amidst the columns to contemplate the pharaoh's connection to the divine.
- Reason: The Great Hypostyle Hall was designed to inspire awe and reverence, emphasizing the pharaoh's connection to the gods and the importance of maintaining cosmic order. A quiet moment of reflection would allow the dignitaries to experience this intended effect and contemplate the ancient Egyptian values it represents, more so than a reenactment, modern art exhibition, or purely scholarly lecture.
"
Wadi_Degla,"- Question: A family living in Cairo is looking for a place to spend a weekend afternoon to escape the city's hustle and bustle. They want a location where they can hike, enjoy a picnic, and take memorable photographs of unique geological formations. Which of the following destinations would best fit their needs and offer a visually stunning natural environment near the city? Options: (A) A traditional coffee shop in downtown Cairo (B) A resort along the Red Sea coast (C) A canyon featuring towering limestone cliffs and desert vegetation (D) A historical museum showcasing ancient Egyptian artifacts
- Answer: (C) A canyon featuring towering limestone cliffs and desert vegetation
- Reason: The scenario describes a desire for hiking, picnicking, photography of geological formations, and an escape from the city, all of which align with the characteristics and recreational opportunities provided by Wadi Degla, characterized by its limestone cliffs and desert vegetation.
"
Abu_Haggag_Mosque,"- Question: During the annual *mulid* celebrating the saint associated with the structure in the image, what type of public performance is most likely to be seen, reflecting the Sufi traditions deeply connected to this religious site? Options: (A) Reenactments of pharaonic battles (B) Operatic performances in Italian (C) Parades with religious singing and dancing (D) Classical ballet recitals
- Answer: (C) Parades with religious singing and dancing
- Reason: The *mulid* of Sheikh Abu al-Hajjaj, associated with the mosque, is a major event featuring Sufi traditions, which prominently include parades, religious singing, and dancing. This is a key cultural aspect of the celebration.
"
Gayer-Anderson_Museum,"- Question: A film crew is planning to shoot a historical drama set in 17th-century Cairo. Considering the architectural style and historical ambiance suggested by the image, which aspect of daily life in that era would the location most authentically allow them to portray? Options: (A) Grand military parades and public ceremonies (B) Intricate details of upper-class domestic life and social customs (C) Large-scale agricultural practices in the Nile Delta (D) Interactions within the royal court and political intrigues
- Answer: (B) Intricate details of upper-class domestic life and social customs
- Reason: The image showcases a historical building with traditional Islamic architectural details and a focus on domestic settings, indicative of upper-class residences during the Ottoman period. This makes it ideal for portraying the intricate details of upper-class domestic life and social customs of that era in Cairo.
"
Bab_Zuwayla,"- Question: A local artisan living near the structure in the image is facing a difficult financial situation and seeks divine intervention for his business. Which of the following actions is he most likely to perform, according to local customs and beliefs? Options: (A) Commission a large mural on the structure depicting his business success. (B) Organize a public feast near the structure to attract customers. (C) Whisper his prayers and wishes into the stones of the structure. (D) Climb to the top of the structure and shout out his business plan.
- Answer: (C) Whisper his prayers and wishes into the stones of the structure.
- Reason: The legend associated with the structure suggests that prayers offered near it are particularly effective and answered by God. This makes whispering prayers into the stones the most likely action for someone seeking divine intervention, aligning with local customs and beliefs.
"
Bagawat,"- Question: A local artisan wishes to create a piece of art inspired by the traditions of their ancestors in the region depicted in the image. Knowing the cultural practices of the people who once inhabited this area, which of the following artistic styles would be most appropriate to incorporate into their modern artwork? Options: (A) Intricate hieroglyphic carvings on stone slabs (B) Boldly colored, simplified figures depicting biblical scenes on a plastered surface (C) Geometric patterns woven into elaborate tapestries using natural dyes (D) Detailed miniature paintings illustrating scenes from daily life with extensive use of gold leaf
- Answer: (B) Boldly colored, simplified figures depicting biblical scenes on a plastered surface
- Reason: The Bagawat necropolis is known for its chapels decorated with frescoes that depict a blend of Old and New Testament scenes, apocryphal stories, and pagan motifs. The artistic style is Coptic-influenced, characterized by bold colors, simplified figures, and a lack of perspective. Thus, the most appropriate style for the artisan to incorporate would be the one that reflects these characteristics.
"
Temple_of_Seti_I_in_Abydos,"- Question: An archaeologist discovers a cache of ancient Egyptian board games near the structure in the image. These games often featured elements of strategy and chance, and were sometimes buried with the deceased. Given the location of this discovery, which deity's favor would players of these games most likely invoke before a match, hoping for victory and a prosperous afterlife? Options: (A) Ra, the sun god (B) Thoth, the god of wisdom and writing (C) Osiris, the god of the afterlife (D) Hathor, the goddess of love and beauty
- Answer: (C) Osiris, the god of the afterlife
- Reason: The image shows a temple located in Abydos, a major cult center for Osiris, the god of the afterlife. Given Abydos' association with Osiris and the afterlife, individuals playing games, especially those found near burial sites, would likely invoke Osiris for favor in both life and the afterlife, as their fates were believed to be intertwined with his domain.
"
Sehel_Island,"- Question: A local tour guide is explaining to visitors how ancient travelers navigating the Nile's tumultuous waters would often pause at this island before proceeding further south. What action would these travelers most likely perform at this location, reflecting ancient Egyptian beliefs and customs? Options: (A) Engage in competitive boat races to demonstrate their seafaring skills. (B) Leave offerings and prayers to local deities for a safe journey through the cataracts. (C) Carve their names into the rock face to mark their passage for future generations. (D) Establish trading posts to exchange goods with the local Nubian communities.
- Answer: (B) Leave offerings and prayers to local deities for a safe journey through the cataracts.
- Reason: Sehel Island's location near the First Cataract made it a customary stop for travelers to seek divine favor for safe passage through the dangerous rapids. This practice aligns with ancient Egyptian religious beliefs and customs of offering prayers and dedications to ensure protection and successful journeys.
"
Karnak_precinct_of_Amun-Ra,"- Question: Imagine you are an ancient Egyptian priest tasked with organizing a grand procession to celebrate the annual Opet Festival. Considering the traditional beliefs associated with this event and the image, where would the most likely starting point of this procession be located? Options: (A) A residential area outside of the city (B) A temple dedicated to a foreign god (C) A massive complex dedicated to the Theban Triad (D) A local market square
- Answer: (C) A massive complex dedicated to the Theban Triad
- Reason: The Opet Festival was a significant religious event dedicated to the Theban Triad (Amun-Re, Mut, and Khonsu). The procession would logically originate from the main temple complex dedicated to these deities to transport their divine images.
"
Pyramid_of_Djoser,"- Question: A renowned architect, inspired by structures from the Old Kingdom period of ancient Egypt, is tasked with designing a monumental tomb for a powerful ruler. The ruler insists that the tomb should not only serve as a burial place but also as a symbol of their enduring authority and a means to ascend to the afterlife. Drawing from architectural precedents, what design element is the architect most likely to incorporate to fulfill the ruler's desire for a 'stairway to heaven'? Options: (A) A series of interconnected courtyards and gardens (B) A complex of chambers decorated with scenes from daily life (C) A structure consisting of stacked, decreasing platforms (D) A single, large rectangular building with a flat roof
- Answer: (C) A structure consisting of stacked, decreasing platforms
- Reason: The description of ""a 'stairway to heaven'"" directly relates to the step pyramid design pioneered by the Pyramid of Djoser. The stacked, decreasing platforms symbolize a means of ascension to the afterlife, differentiating it from traditional, flat-roofed mastabas or purely decorative elements.
"
Pyramid_of_Djedefra,"- Question: An archeologist discovers that the pharaoh associated with the monument in the image chose a location further north than previous royal burial sites. Considering the historical context of the early Old Kingdom, what might this decision most likely suggest about the pharaoh's reign?
Options: (A) A desire to connect more closely with the god Osiris, traditionally associated with the afterlife in the northern regions. (B) A strategic move to distance himself from the legacy of his predecessors or a shift in political power. (C) A need to be closer to a vital source of cedar wood imported from Lebanon for shipbuilding. (D) An attempt to avoid the frequent Nile floods that threatened burial sites further south.
- Answer: (B) A strategic move to distance himself from the legacy of his predecessors or a shift in political power.
- Reason: The text mentions that the location of Djedefra's pyramid, further north than traditional pyramid sites, could reflect a shift in political power or a deliberate attempt to distance himself from the legacy of his predecessor. The question requires the user to connect the visual context of the image with possible historical reasons for its unique location, rather than simply identifying the pyramid.
"
KV17,"- Question: A renowned Egyptologist is preparing to publish a comprehensive book detailing the most significant royal tombs of the New Kingdom. Considering the historical context and the artistic details associated with the tomb depicted, which aspect would they most likely emphasize in their chapter on this specific burial site?
    Options: (A) The tomb's remote location as a deterrent to grave robbers. (B) The innovative engineering techniques used to construct the tomb's entrance. (C) The elaborate artwork and religious texts that adorn the tomb's walls. (D) The discovery of unique artifacts within the tomb, unrelated to the pharaoh.
- Answer: (C) The elaborate artwork and religious texts that adorn the tomb's walls.
- Reason: The image depicts KV17, notable for its exceptional and well-preserved artwork illustrating religious texts and astronomical scenes. Therefore, an Egyptologist highlighting the tomb's significance would most likely emphasize the artistic and religious significance of the tomb's decorations.
"
Al-Ashraf_Mosque,"- Question: A local Cairene family is planning a visit to the ""city of the dead"" (Northern Cemetery) to pay respects to their ancestors. Considering the cultural customs associated with visiting such a place, and recognizing the architectural style shown in the image, what is the most appropriate attire for women when visiting the location of this mosque? Options: (A) Modern Western clothing with a sun hat (B) Modest clothing covering the head and body (C) Traditional Pharaonic-style robes (D) Casual sportswear suitable for walking long distances
- Answer: (B) Modest clothing covering the head and body
- Reason: The image depicts a mosque-madrasa complex, a religious site of significant cultural importance within a traditional Islamic environment. When visiting such places, especially in the culturally sensitive context of a cemetery in Cairo, women typically wear modest clothing that covers their head and body out of respect for religious and cultural norms.
"
Temple_of_Kom_Ombo,"- Question: A local festival celebrates both a powerful, protective deity associated with the river's abundance and danger, and a celestial deity linked to healing and kingship. Reflecting the religious duality of the region, how would a prominent religious site in this area most likely be structured? Options: (A) A single large temple with separate altars (B) A complex with two distinct, symmetrical temples (C) A central pyramid surrounded by smaller shrines (D) A series of interconnected underground chambers
- Answer: (B) A complex with two distinct, symmetrical temples
- Reason: The introduction highlights the Temple of Kom Ombo's unique dual design, dedicated to two sets of deities: Sobek, the crocodile-headed god of the Nile, and Haroeris (Horus the Elder), the falcon-headed sky god. The festival celebrating these dual aspects of the divine would likely be reflected in the architectural structure of a prominent religious site, thus featuring two distinct, symmetrical temples representing the duality of the divine.
"
City_of_the_dead_(Cairo),"- Question: A family wishes to honor their deceased relative by residing close to their tomb. Understanding the cultural practices associated with the area in the image, where would they most likely establish their living space?
Options: (A) In a newly constructed apartment building far from the tomb to maintain modern living standards (B) Within or adjacent to the tomb structure itself, integrating their living space with the existing architecture (C) In a separate, designated residential zone outside the boundaries of the burial grounds, respecting the sanctity of the area (D) In a completely different city to avoid any negative associations with death
- Answer: (B) Within or adjacent to the tomb structure itself, integrating their living space with the existing architecture
- Reason: The City of the Dead is known for its unique characteristic of people living amongst the tombs. It reflects a cultural acceptance of death and a desire to maintain a connection with deceased relatives by integrating living spaces within or next to the existing mausoleums.
"
Egyptian_Museum_(Cairo),"- Question: A prominent Egyptian family wants to display their lineage and connection to ancient rulers during a formal gathering. They commission a renowned artist to create a piece that reflects their heritage and will be placed in their family hall. Drawing inspiration from the artifacts commonly associated with the building in the image, what symbolic element would the artist most likely incorporate into the piece to signify the family's ancestral ties to pharaonic Egypt? Options: (A) Depictions of pyramids under construction (B) Hieroglyphic inscriptions detailing family achievements (C) Images of daily life in modern Cairo (D) Depictions of Nile River cruises

- Answer: (B) Hieroglyphic inscriptions detailing family achievements
- Reason: The Egyptian Museum houses countless artifacts with hieroglyphic inscriptions, which were used to record the history, beliefs, and achievements of the ancient Egyptians. By incorporating hieroglyphs into the artwork, the artist would be directly referencing the ancient Egyptian culture and suggesting a connection between the family and its pharaonic ancestors.
"
Saint_George_Church_in_Coptic_Cairo,"- Question: A group of Coptic Christian pilgrims is visiting historical sites in Old Cairo. Knowing the symbolic importance of resilience and protection within their faith, which specific characteristic of the church in the image would likely resonate most deeply with their spiritual journey? Options: (A) The church's modern, updated interior design (B) The church's location atop an ancient Roman fortress (C) The availability of modern amenities inside the church (D) The presence of a large parking area for visitors
- Answer: (B) The church's location atop an ancient Roman fortress
- Reason: The church's location on top of a Roman fortress symbolizes protection and resilience, aligning with the Coptic Christians' historical experience and the importance of perseverance in their faith, making it a spiritually resonant feature.
"
Red_Pyramid,"- Question: A local tour guide in the region tells a group of tourists that the structure in the image represents the culmination of a pharaoh's architectural experimentation. To emphasize the pharaoh's legacy and benevolence, which aspect of the monument would the guide most likely highlight? Options: (A) The pyramid's remote location, offering a secluded experience away from the city. (B) The reddish hue of the stones, symbolizing the desert landscape. (C) The pyramid's relatively shallow slope, indicating a commitment to stability and longevity for future generations. (D) The complex internal chamber system, representing the mysteries of the afterlife accessible only to the pharaoh.
- Answer: (C) The pyramid's relatively shallow slope, indicating a commitment to stability and longevity for future generations.
- Reason: While all options relate to the pyramid, emphasizing the relatively shallow slope connects it to the pharaoh's dedication to creating a stable and lasting monument, reflecting his concern for future generations and thus aligning with the idea of a benevolent ruler. The stability of the pyramid would be more appreciated by the ancient Egyptian people compared to mysteries of the afterlife or the reddish hue of the stones.
"
El_Ferdan_Railway_Bridge,"- Question: Imagine a time of significant national celebration in Egypt, marking a renewed connection between the Sinai Peninsula and the mainland after a period of separation. Which infrastructure project, vital for transportation and trade, would most likely be adorned with celebratory flags and banners to symbolize this reunification? Options: (A) A newly constructed highway in the Western Desert (B) A modern telecommunications tower in Cairo (C) A railway bridge spanning the Suez Canal (D) A large-scale irrigation project in the Nile Delta
- Answer: (C) A railway bridge spanning the Suez Canal
- Reason: The El Ferdan Railway Bridge's primary function is to connect the Sinai Peninsula and mainland Egypt via rail. Given its history of destruction and reconstruction, any significant national celebration focusing on reunification would likely feature this bridge as a symbol of that restored connection.
"
Qasr_Qarun,"- Question: A local artisan wants to create a souvenir reflecting the unique spirit of a historical site located near a large salt lake in the Fayoum Oasis. Considering the history and cultural significance of this location during the Ptolemaic and Roman periods, which design choice would best represent its unique identity?
Options: (A) A detailed miniature of a Roman bathhouse, emphasizing advanced engineering. (B) A replica of a traditional Pharaonic obelisk with hieroglyphs detailing the lives of pharaohs. (C) A model of a temple blending Egyptian architectural elements with Greco-Roman styles, featuring a complex interior and massive walls. (D) A depiction of a bustling marketplace with merchants trading goods from across the Nile Valley.
- Answer: (C) A model of a temple blending Egyptian architectural elements with Greco-Roman styles, featuring a complex interior and massive walls.
- Reason: Qasr Qarun is known for its unique blend of Egyptian and Greco-Roman architectural styles in its temple, its complex interior, and the massive walls surrounding it. This combination best represents its distinctive historical and cultural identity within the Fayoum Oasis during the Ptolemaic and Roman periods.
"
Kitchener's_Island,"- Question: A local Aswan family is celebrating a milestone wedding anniversary. Seeking a location that embodies both natural beauty and a sense of historical significance, where would they most likely choose to hold a small, intimate gathering, reflecting a blend of Egyptian and British history? Options: (A) A traditional Nubian village (B) A modern restaurant overlooking the Nile (C) A desert camp offering Bedouin experiences (D) A lush island garden originally curated by a British figure.
- Answer: (D) A lush island garden originally curated by a British figure.
- Reason: The scenario describes a location that offers natural beauty and historical significance, bridging Egyptian and British elements. Kitchener's Island, with its lush botanical garden created by Lord Kitchener, fits this description perfectly. It represents both natural beauty and a link to British history in Egypt, making it an ideal choice for the family's celebration.
"
Children's_Civilisation_and_Creativity_Centre,"- Question: A school is organizing a field trip aimed at immersing students in a learning environment that connects them to their history while also encouraging creativity and innovation. Considering the cultural context of Cairo, which activity would most align with these goals? Options: (A) Attending a lecture series on modern Egyptian politics. (B) Participating in a hands-on workshop about ancient Egyptian civilization, followed by a visit to a planetarium. (C) Visiting a traditional Egyptian marketplace to learn about local crafts. (D) Touring a newly built industrial complex focused on technological advancements.
- Answer: (B) Participating in a hands-on workshop about ancient Egyptian civilization, followed by a visit to a planetarium.
- Reason: The activity combines Egypt's historical richness (ancient civilization workshop) with modern innovation and scientific exploration (planetarium visit), which aligns with the goals of instilling cultural awareness while fostering creativity, characteristic of the educational environment.
"
Sulayman_Agha_al-Silahdar_Mosque,"- Question: A high-ranking Ottoman official, visiting Cairo in the 19th century to reaffirm allegiance between the region and the Empire, would most likely choose a location with which architectural style to host a formal reception, aiming to visually emphasize the Ottoman's cultural and political ties to Egypt? Options: (A) A lavish palace showcasing European Neoclassical designs. (B) A traditional Coptic Christian church adorned with unique Egyptian artistry. (C) A building with prominent Mamluk architectural characteristics. (D) A complex known for its classic Ottoman architectural features.
- Answer: (D) A complex known for its classic Ottoman architectural features.
- Reason: The official would choose a location that visually reinforces the Ottoman Empire's presence and cultural influence in Egypt. A building with classic Ottoman architectural features would best symbolize these ties.
"
Temple_of_Hibis,"- Question: A traveler arriving at a remote oasis settlement, far from the Nile, seeks blessings for a safe journey through the desert. Remembering ancient customs, to which deity from the temple in the image would they most likely offer their primary prayers?
Options: (A) Thoth, the god of knowledge and writing (B) Amun, the god of creation and protection (C) Ra, the sun god (D) Osiris, the god of the afterlife
- Answer: (B) Amun, the god of creation and protection
- Reason: Given the temple's primary dedication to the Theban Triad, including Amun, and Amun's role as a protector and creator, a traveler seeking blessings for a safe journey would most likely direct their prayers to Amun, hoping for his divine assistance in navigating the harsh desert environment.
"
Valley_of_the_Golden_Mummies,"- Question: A family residing in the Bahariya Oasis around 2nd century AD experienced a period of immense prosperity due to successful trading with Roman merchants. Considering the burial customs prevalent in the region during that era, as suggested by similar sites, which of the following actions would this family most likely undertake upon the death of a prominent member to showcase their wealth and status?
    Options: (A) Commission a simple burial with minimal adornments to reflect humility. (B) Construct a modest tomb outside the oasis to avoid attracting attention. (C) Invest in an elaborate mummification process, including a gilded mask and intricate cartonnage. (D) Donate their wealth to the local Roman authorities as a sign of loyalty.
- Answer: (C) Invest in an elaborate mummification process, including a gilded mask and intricate cartonnage.
- Reason: The Valley of the Golden Mummies demonstrates that during the Roman era, particularly between the 1st and 4th centuries AD, the wealthy residents of the Bahariya Oasis often invested heavily in elaborate mummification practices, including the use of gilded masks and intricate cartonnage, to showcase their status and wealth in the afterlife. This was a period when the oasis thrived due to trade with the Roman Empire, leading to increased affluence and the ability to afford such elaborate burials.
"
Giza_Zoo,"- Question: An Egyptian family is planning a day out with their children, hoping to instill a sense of national pride and offer a classic recreational experience rooted in the late 19th-century modernization efforts. Considering the location's historical significance and accessibility for residents of Cairo, where are they most likely headed for their outing? Options: (A) A newly built amusement park in the suburbs. (B) A cruise along the Nile River to see ancient temples. (C) A large, centrally located garden and animal park established in 1891. (D) A modern shopping mall featuring international brands.
- Answer: (C) A large, centrally located garden and animal park established in 1891.
- Reason: The scenario describes a desire for a historically significant and centrally located recreational experience, aligning with the establishment and nature of Giza Zoo. The zoo's establishment date, its location in relation to Cairo, and its historic role as a recreational and educational space all point to option (C) as the correct answer.
"
Bibliotheca_Alexandrina,"- Question: A group of international scholars has gathered in the city depicted in the image for a conference focused on preserving historical manuscripts. Considering the cultural significance of this location, which of the following protocols would be most emphasized to demonstrate respect for the local heritage during the conference?
    Options: (A) Serving exclusively imported cuisine to showcase international collaboration. (B) Incorporating Arabic calligraphy workshops into the conference program. (C) Conducting all presentations in English to ensure global accessibility. (D) Hosting the closing gala at a newly built, modern shopping mall.
- Answer: (B) Incorporating Arabic calligraphy workshops into the conference program.
- Reason: Given the location's rich cultural heritage and its historical connection to scholarship and intellectual pursuits, incorporating Arabic calligraphy workshops directly acknowledges and respects the local heritage by celebrating a significant aspect of Arabic culture and history. The image depicts a place of learning, and learning about local culture demonstrates respect.
"
Unfinished_obelisk_in_Aswan,"- Question: A group of modern-day engineers is studying the methods used to create structures like the one shown in the image. They are debating the most critical factor that would determine whether to abandon a similar ambitious stone project today. Which of the following considerations would most likely lead them to abandon the project? Options: (A) The aesthetic preference of the ruling monarch changes. (B) Significant, irreparable structural flaws are discovered in the material being used. (C) A more impressive monument is commissioned elsewhere in the kingdom. (D) A change in religious beliefs renders the monument less significant.
- Answer: (B) Significant, irreparable structural flaws are discovered in the material being used.
- Reason: The image depicts a massive, unfinished stone structure abandoned due to flaws in the stone itself. While other factors could contribute to abandoning a project, the discovery of irreparable structural flaws, as seen in the image, is the most critical and pragmatic reason for doing so, as it directly impacts the structural integrity and long-term viability of the project.
"
Sabil_of_Abd_al-Rahman_Katkhuda,"- Question: Imagine a local Cairene resident in the 18th century, seeking respite from the summer heat. They approach a public structure similar to the one in the image. Besides quenching their thirst, what other form of community enrichment might they hope to find nearby, reflecting a common function associated with such buildings during that era? Options: (A) A medical clinic offering free consultations (B) An apprenticeship workshop for learning a trade (C) A school providing basic education to children (D) A library housing a vast collection of historical manuscripts
- Answer: (C) A school providing basic education to children
- Reason: Sabil-kuttabs, like the one in the image, were commonly built as a combination of a public water fountain (sabil) and an elementary school (kuttab). Therefore, besides providing free drinking water, the structure likely also housed a school for children.
"
Agiba_beach,"- Question: A family from Cairo is planning a summer day trip to the coast. They are looking for a location that offers a sense of seclusion and protection from strong winds for their young children, while still providing clear waters for swimming and snorkeling. Based on the image, which of the following coastal locations would best fit their needs and preferences?
Options: (A) A wide, open beach with extensive sand dunes and strong breezes (B) A bustling, commercially developed resort town with numerous water sports vendors (C) A small, enclosed cove with towering limestone cliffs and calm, clear waters (D) A large public beach known for its strong currents and challenging surf conditions
- Answer: (C) A small, enclosed cove with towering limestone cliffs and calm, clear waters
- Reason: The image depicts a small cove enclosed by cliffs. The introductory text describes Agiba Beach as a small, secluded cove carved out by limestone cliffs, creating a sense of enclosure and tranquility, as well as protection from the wind. This makes it the most suitable location for the family's preferences.
"
Gebel_el-Silsila,"- Question: An artisan seeks the most suitable stone to carve a monumental statue intended to embody the power and longevity of a newly crowned pharaoh. Considering the geological characteristics and historical practices associated with the location in the image, what stone attribute would be most prized for such a project?
Options: (A) The stone's vibrant color and rarity, indicating royal wealth. (B) The stone's ease of extraction and durability, ensuring the statue's long-lasting presence. (C) The stone's suitability for intricate detail, emphasizing the pharaoh's artistic appreciation. (D) The stone's light weight, facilitating easy transport and placement.
- Answer: (B) The stone's ease of extraction and durability, ensuring the statue's long-lasting presence.
- Reason: Given that the image depicts Gebel el-Silsila, a primary sandstone quarry for ancient Egypt, the most prized attribute for a monumental statue would be the stone's ease of extraction and durability. This would allow for the creation of a large, lasting symbol of the pharaoh's reign, aligning with the historical purpose of the site.
"
Muizz_Street,"- Question: A newlywed couple is seeking a location for their traditional Egyptian wedding photoshoot, aiming to capture the essence of Islamic Cairo's architecture and cultural richness. Considering the historical significance and visual splendor of locations like the one in the image, which element would be most essential to incorporate into their photoshoot to authentically represent the area's distinct cultural identity? Options: (A) Modern, western-style backdrops (B) Backdrops with Pharaonic imagery (C) Intricate Islamic geometric patterns and architectural details (D) Scenes featuring only natural landscapes
- Answer: (C) Intricate Islamic geometric patterns and architectural details
- Reason: The area depicted in the image (Muizz Street) is renowned for its concentration of Islamic monuments showcasing intricate geometric patterns and unique architectural details from the Fatimid, Ayyubid, Mamluk, and Ottoman periods. Incorporating these elements into the wedding photoshoot would most authentically reflect the area's distinct cultural and historical identity.
"
Monastery_of_Saint_Bishoy,"- Question: A group of Coptic pilgrims is traveling to a remote desert location to celebrate the feast day of a revered 4th-century saint known for his extreme asceticism and miracles. Before entering the main religious site, what architectural feature are they most likely to encounter first, reflecting the need for protection throughout the monastery's history?
Options: (A) An elaborate mosaic depicting the saint's life (B) A fortified defensive wall (C) A sprawling vineyard providing sustenance for the monks (D) An open-air courtyard for public gatherings
- Answer: (B) A fortified defensive wall
- Reason: Given the monastery's history of facing attacks by Berber tribes and Bedouin raiders, the most prominent architectural feature the pilgrims are likely to encounter first is a fortified defensive wall, rebuilt and strengthened over the centuries to ensure the safety and security of the monastic community and its religious treasures.
"
Osireion,"- Question: An archaeologist discovers an ancient inscription suggesting that the location in the image was used for a specific annual ceremony related to agriculture. Considering its believed association with Osiris and its architectural features, what was the most likely focus of this ceremony? Options: (A) Celebrating the Pharaoh’s birthday (B) Initiating new priests into the priesthood (C) Ensuring a successful harvest and the resurrection of Osiris (D) Commemorating military victories
- Answer: (C) Ensuring a successful harvest and the resurrection of Osiris
- Reason: Given the Osireion's connection to Osiris, the god of the afterlife and resurrection, and its believed symbolic representation of his tomb and the primordial waters of creation, a ceremony focused on ensuring a successful harvest and honoring Osiris's resurrection would be most fitting. Agriculture was vitally important in ancient Egypt, and linking it with Osiris would underscore the cyclical nature of life, death, and rebirth, mirroring the agricultural cycle.
"
Pyramid_of_Khafra,"- Question: A local tour guide is explaining the significance of the structures in the image. He mentions that the construction was not just about building a tomb, but also about ensuring the Pharaoh's successful journey into the afterlife. Which of the following elements within the complex would the tour guide most likely emphasize to illustrate this belief? Options: (A) The remaining white Tura limestone casing stones. (B) The relatively simpler internal structure. (C) The causeway leading to the valley temple. (D) The pyramid's higher elevation on the plateau.
- Answer: (C) The causeway leading to the valley temple.
- Reason: The causeway, along with the mortuary and valley temples, were integral parts of the pyramid complex, symbolizing the pharaoh's journey from the earthly realm to the afterlife. The tour guide would emphasize these structures to demonstrate the ancient Egyptians' beliefs about death and the afterlife.
"
Soma_Bay,"- Question: A family, seeking a destination known for accessible water activities and calm seas ideal for young children learning to swim, is considering several coastal resorts. Which of the following best represents a location aligning with their preferences, given the regional characteristics? Options: (A) A resort known for its challenging surfing waves and strong currents. (B) A location known for its deep-sea fishing and offshore diving excursions. (C) A meticulously planned resort on a peninsula known for its calm, shallow waters and pristine beaches. (D) A historical port city with strong tides and rocky shores.
- Answer: (C) A meticulously planned resort on a peninsula known for its calm, shallow waters and pristine beaches.
- Reason: The scenario describes a family seeking calm, shallow waters for children. Soma Bay is known for its meticulously planned design, pristine beaches, and calm, shallow waters, making option C the most suitable answer. The other options describe environments not conducive to young children learning to swim.
"
Madrasah_of_Sarghatmish,"- Question: A traveler, deeply interested in Sufi traditions, seeks a place in Cairo where they can observe and understand the practices of contemplation and spiritual retreat. Given the historical context and architectural features associated with the building in the image, which type of activity would the traveler be most likely to witness within its walls? Options: (A) A military parade commemorating a Mamluk victory (B) A public lecture on advancements in astronomy and mathematics (C) A gathering of Sufi adherents engaged in dhikr (remembrance of God) (D) A trade exhibition showcasing goods from across the Mamluk empire
- Answer: (C) A gathering of Sufi adherents engaged in dhikr (remembrance of God)
- Reason: The Madrasah of Sarghatmish functioned as a khanqah, or Sufi convent, meaning it served as a residence and place of practice for Sufi adherents. Therefore, it is most likely that a traveler seeking to understand Sufi traditions would witness activities such as dhikr within its walls.
"
Corniche_(Alexandria),"- Question: A local Alexandrian family is planning an ""iftar"" gathering (the meal eaten after sunset during Ramadan) to break their fast. They want a location that allows them to enjoy the sea breeze, offers traditional Egyptian snacks and drinks, and provides a lively yet family-friendly atmosphere. Based on the image, which area would be most suitable for their gathering?
    Options: (A) A quiet, secluded garden on the outskirts of the city. (B) A modern shopping mall with indoor restaurants. (C) A restaurant or cafe along the waterfront promenade with outdoor seating. (D) A private residence far from the city center.
- Answer: (C) A restaurant or cafe along the waterfront promenade with outdoor seating.
- Reason: The Corniche is known for its cafes and restaurants offering traditional Egyptian food and drinks, its proximity to the sea, and its lively, family-friendly atmosphere, making it the most suitable location for an iftar gathering.
"
"St._Catherine's_Cathedral,_Alexandria","- Question: A European family, newly arrived in Alexandria in the late 19th century seeking spiritual guidance and community, would most likely associate attending services at the building in the image with which broader societal trend? Options: (A) The rise of pan-Arab nationalism (B) The expansion of European influence and modernization in Egypt (C) The resurgence of ancient Egyptian religious practices (D) Increased isolation of religious communities
- Answer: (B) The expansion of European influence and modernization in Egypt
- Reason: The construction of St. Catherine's Cathedral coincided with a period of European influence and modernization in Egypt during the 19th century. The cathedral served the growing European and local Catholic community, reflecting this trend.
"
Giza_pyramid_complex,"- Question: A local tour guide is explaining to tourists the cultural significance of building such massive structures. Which of the following explanations would MOST accurately reflect the beliefs and purposes behind their construction during the Old Kingdom period? Options: (A) They were primarily built as granaries to store food for the population during times of drought. (B) They were designed as astronomical observatories to predict eclipses and other celestial events. (C) They served as elaborate funerary complexes intended to ensure the pharaoh's successful transition to the afterlife. (D) They were constructed as defensive fortifications to protect against invasions from neighboring kingdoms.
- Answer: (C) They served as elaborate funerary complexes intended to ensure the pharaoh's successful transition to the afterlife.
- Reason: The pyramids were not simply tombs, but integrated into elaborate funerary complexes designed to ensure the pharaoh's successful transition to the afterlife. They were expressions of religious beliefs about death and immortality during the Old Kingdom.
"
Monastery_of_Saint_Anthony,"- Question: A group of pilgrims seeks spiritual guidance from a hermit who lives in a secluded desert environment known for its ancient religious traditions. Given the location's history of self-sufficiency and resilience in the face of harsh conditions, what would be the most culturally appropriate offering to present to the hermit upon arrival?
    Options: (A) A donation of modern currency (B) Imported luxury goods (C) Locally made bread or handcrafted items (D) A detailed map of the surrounding area
- Answer: (C) Locally made bread or handcrafted items
- Reason: The scenario describes a secluded desert environment with ancient religious traditions, which aligns with the historical context of the Monastery of Saint Anthony. The introduction highlights the monastery's self-sufficiency and its long-standing tradition of community. Therefore, a culturally appropriate offering would be something locally made or handcrafted, like bread, which reflects an understanding of the hermit's needs and the community's values.
"
Alexandria_Opera_House,"- Question: A wealthy Alexandrian family, known for their patronage of the arts in the early 20th century, would most likely have commissioned which type of performance at the venue shown? Options: (A) A nationalist play celebrating Egyptian independence (B) An Italian opera showcasing European talent (C) A religious ceremony commemorating a local saint (D) A political rally advocating for social reform
- Answer: (B) An Italian opera showcasing European talent
- Reason: The Alexandria Opera House, inaugurated in 1921, was initially commissioned by wealthy Italian and Greek communities in Alexandria. Therefore, in its early days, it would have been more likely to host Italian operas showcasing European talent rather than nationalist plays, religious ceremonies, or political rallies.
"
Sphinx_of_Memphis,"- Question: A newly appointed ambassador is touring significant historical sites to better understand the cultural heritage of the nation they are stationed in. At the end of the tour, at which kind of venue the ambassador is most likely to express profound respect and admiration for the ancient civilization and the enduring legacy of its rulers? Options: (A) A bustling marketplace with modern commerce (B) A research laboratory dedicated to modern scientific advancements (C) A carefully preserved indoor museum housing ancient artifacts (D) A lively festival celebrating contemporary music and dance
- Answer: (C) A carefully preserved indoor museum housing ancient artifacts
- Reason: Given the image and the introduction of the Sphinx of Memphis, a site like this symbolizes a gateway to understanding ancient cultural significance and pharaonic symbolism. It represents a tangible connection to the past, eliciting respect and admiration for the ancient civilization and its rulers.
"
Grand_Egyptian_Museum,"- Question: A group of international archaeologists, eager to study recently discovered artifacts relating to ancient Egyptian burial practices, are seeking a location that combines cutting-edge research facilities with unparalleled access to relevant collections. Considering the image, which location is most likely to fulfill their requirements? Options: (A) A remote excavation site in the Valley of the Kings (B) The Egyptian Museum in Cairo (C) A university archaeology department in London (D) A museum complex near the Giza pyramids
- Answer: (D) A museum complex near the Giza pyramids
- Reason: The scenario describes a need for advanced research facilities coupled with access to a vast collection of artifacts, particularly those related to burial practices. The Grand Egyptian Museum, situated near the Giza pyramids, is known for its state-of-the-art conservation labs, research facilities, and comprehensive collection of ancient Egyptian artifacts, especially the Tutankhamun collection, making it the most suitable location.
"
Kom_el-Shoqafa,"- Question: A local artisan wishes to create a modern art piece reflecting the unique cultural heritage of their city. Drawing inspiration from a historical site discovered by chance when a donkey cart fell into a hole, which artistic approach would best capture the site's essence? Options: (A) A series of hieroglyphic-style paintings depicting pharaohs and pyramids. (B) Sculptures combining Egyptian deities with Roman military attire. (C) Mosaics illustrating scenes from Greek mythology set in the Egyptian desert. (D) Abstract art using only primary colors to represent the sun and sand.
- Answer: (B) Sculptures combining Egyptian deities with Roman military attire.
- Reason: The site is renowned for its syncretic art style, blending Egyptian, Greek, and Roman artistic elements. Specifically, the depiction of Egyptian deities with Roman features, like Anubis in Roman military attire, is a hallmark of the site's unique artistic fusion. Option B best reflects this blending of cultures and styles.
"
Qaed_Ibrahim_Mosque,"- Question: A tourist visiting Alexandria wishes to experience the daily life of local Muslims. Considering the architectural style and cultural significance, which activity would likely provide the most authentic experience of the community surrounding the building in the image? Options: (A) Attending a Coptic Christmas celebration (B) Participating in a Sufi whirling dervish ceremony (C) Observing the Friday sermon (Khutbah) and communal prayer (D) Visiting a Pharaonic-era archaeological site
- Answer: (C) Observing the Friday sermon (Khutbah) and communal prayer
- Reason: Given that the image is of a mosque, observing the Friday sermon and communal prayer (Khutbah) would provide the most direct and culturally relevant experience of the local Muslim community's daily life and religious practice. Friday prayers are a central part of Islamic life, and attending would offer insights into the community’s values and traditions centered around the mosque.
"
Khayrbak_Mosque,"- Question: A local Cairene historian is giving a lecture on the transition of power in Egypt during the early 16th century. He refers to a building commissioned by a figure who played a pivotal, yet controversial, role in this period, ultimately aligning with the new ruling power. Which architectural element of the building is he most likely to point out as symbolic of this shift in power? Options: (A) The marble paneling in the prayer hall, reflecting traditional Mamluk artistry. (B) The grand portal entrance, symbolizing the emir's past authority. (C) The blending of dome styles and the minaret's design, showcasing Ottoman influences. (D) The rectangular plan and central courtyard, adhering to traditional mosque layouts.
- Answer: (C) The blending of dome styles and the minaret's design, showcasing Ottoman influences.
- Reason: Khayrbak allied with the Ottomans, and the mosque exhibits a mix of Mamluk and Ottoman styles. The stylistic blending is most prominently seen in architectural elements such as the dome and the minaret, reflecting the emerging Ottoman influence and the shift in power dynamics in Egypt.
"
Ramesseum,"- Question: Imagine you are a priest during the reign of Ramesses II, tasked with ensuring the Pharaoh's continued prosperity in the afterlife. Based on the image, which activity would be most essential to perform daily within this complex to fulfill your role? Options: (A) Overseeing the construction of new, larger pylons to intimidate rival kingdoms (B) Organizing elaborate banquets for visiting dignitaries and foreign ambassadors (C) Conducting religious rituals and offering sacrifices to the gods in the sanctuaries (D) Managing the distribution of grain and supplies from the storage vaults to the local populace
- Answer: (C) Conducting religious rituals and offering sacrifices to the gods in the sanctuaries
- Reason: The Ramesseum's primary function was to maintain the cult of the deceased Ramesses II and ensure his successful transition into the afterlife. The innermost sanctuaries were dedicated to various gods, and daily religious rituals and offerings would have been crucial for fulfilling this purpose. While the other options represent aspects of Egyptian society, they were not the core function of the Ramesseum itself.
"
Al-Qurn,"- Question: A local artisan is creating a piece of jewelry meant to evoke the spirit of ancient Thebes. The artisan wants to capture the essence of the land where pharaohs sought eternal life. Which material would they most likely use to represent the enduring hope for rebirth and the journey through the afterlife, reflecting the landscape associated with this area? Options: (A) Polished granite (B) Lapis lazuli (C) Limestone (D) Red Jasper
- Answer: (C) Limestone
- Reason: Given that Al-Qurn and the surrounding Theban Necropolis are primarily composed of limestone, and the area represents the ancient Egyptian beliefs in death and rebirth, limestone would be the most fitting material to symbolize this region and its cultural significance. The other options, while valuable in ancient Egypt, don't directly connect to the physical landscape and its inherent symbolism as closely as limestone does.
"
"Garden_City,_Cairo","- Question: An expatriate relocating to Cairo for a diplomatic posting seeks a residence known for its blend of European architectural styles and serene environment. Which district, developed in the early 20th century, would best reflect this preference? Options: (A) Islamic Cairo (B) Heliopolis (C) Garden City (D) Downtown Cairo
- Answer: (C) Garden City
- Reason: Garden City is described as being developed in the early 20th century with European architectural influence and known for its quiet, garden-centric environment, making it the best fit for an expatriate seeking those characteristics.
"
Tomb_of_Nefertari,"- Question: An archaeologist discovers a hidden chamber filled with vibrant murals depicting a queen's journey through the afterlife. To best preserve these delicate artworks from damage caused by modern lighting during ongoing research and visitation, which of the following actions would be most appropriate, respecting the historical context? Options: (A) Install bright, modern LED lights to enhance visibility for researchers and tourists. (B) Apply a protective layer of modern, glossy varnish to the murals to prevent fading. (C) Implement a carefully managed system of low-intensity, color-corrected lighting with restricted access. (D) Encourage the use of flash photography to allow visitors to capture high-resolution images of the murals.
- Answer: (C) Implement a carefully managed system of low-intensity, color-corrected lighting with restricted access.
- Reason: Based on the image and the knowledge that the tomb contains delicate and vibrant murals, the most appropriate course of action is to use low-intensity, color-corrected lighting and restrict access. This approach balances the need to preserve the artwork with the desire for research and visitation, mimicking the environment that has allowed them to survive for centuries.
"
Monastery_of_Saint_Simeon_in_Aswan,"- Question: A Coptic family is planning a pilgrimage to a historical site in Upper Egypt. Given the need for protection and a location offering spiritual reflection amidst a challenging environment, which of the following considerations would be MOST important when selecting their accommodation near the site shown in the image? Options: (A) Proximity to modern shopping centers (B) Availability of air-conditioned rooms (C) The safety and security features of the lodging (D) The presence of a swimming pool
- Answer: (C) The safety and security features of the lodging
- Reason: The image depicts a fortified monastery in a historically turbulent region. Therefore, when choosing accommodation, safety and security would be paramount concerns for a Coptic family on a pilgrimage, reflecting an understanding of the region's historical context and the continued importance of personal safety.
"
Temple_of_Isis_in_Philae,"- Question: A newly married couple seeks a blessing for fertility and a prosperous family life at a sacred site. Drawing from ancient Egyptian beliefs, which deity's temple would be the most appropriate destination for their pilgrimage? Options: (A) A temple primarily featuring depictions of battles and military victories (B) A temple known for its association with scribes and knowledge (C) A temple dedicated to a goddess revered for motherhood, magic, and healing (D) A temple associated with funerary rites and the afterlife
- Answer: (C) A temple dedicated to a goddess revered for motherhood, magic, and healing
- Reason: Isis was the goddess of motherhood, magic, and healing. A couple seeking blessings for fertility and family life would most likely choose a temple dedicated to her, such as the Temple of Isis in Philae.
"
Blue_Hole_(Red_Sea),"- Question: A seasoned diver, respecting local customs, prepares for a dive in the location shown in the image. Before entering the water, which action would they most likely perform to show respect for the site's history and prevent misfortune, aligning with local beliefs?
    Options: (A) Offering a piece of jewelry to the sea. (B) Performing a traditional dance on the shore. (C) Offering a silent prayer for the safety of their dive and in remembrance of those lost. (D) Scattering flowers on the water's surface.
- Answer: (C) Offering a silent prayer for the safety of their dive and in remembrance of those lost.
- Reason: Given the Blue Hole's history and local legends of it being cursed or haunted by past tragedies, a respectful diver is most likely to offer a silent prayer to acknowledge the site's past and ensure a safe dive, aligning with cultural sensitivities.
"
Baron_Empain_Palace,"- Question: A film crew is planning to shoot a scene depicting an archaeological dig uncovering a lost temple in Southeast Asia. Considering the architectural style suggested by the image, which aspect of the set design would be most authentic to reflect the blending of Eastern and Western influences common in structures built during Egypt's period of European influence? Options: (A) Predominantly featuring pyramids and hieroglyphs (B) Emphasizing purely European neoclassical columns and arches (C) Incorporating detailed sculptures of Hindu deities and mythical creatures alongside art deco elements (D) Using only local, readily available Egyptian materials for construction
- Answer: (C) Incorporating detailed sculptures of Hindu deities and mythical creatures alongside art deco elements
- Reason: The image depicts a building that is heavily influenced by Hindu and Southeast Asian architectural styles, as well as European art deco designs. This reflects the era in Egypt when there was a fusion of Eastern and Western styles, and this is reflected in the detailed sculptures of Hindu deities and mythical creatures alongside art deco elements.
"
"Saint_Catherine's_Monastery,_Mount_Sinai","- Question: A group of historians plans to transport a fragile, ancient manuscript detailing early Christian practices to a secure location for preservation. Considering the historical protection afforded to the site in the image, what is a primary factor that likely contributed to the manuscript's survival for so long in this location? Options: (A) Its proximity to major trade routes facilitating regular maintenance. (B) Its remote location offering natural protection from conflict and environmental factors. (C) The consistent influx of tourists ensuring continuous monitoring and preservation efforts. (D) The use of modern climate-controlled storage facilities since its creation.
- Answer: (B) Its remote location offering natural protection from conflict and environmental factors.
- Reason: Saint Catherine's Monastery's isolated location has historically shielded it from significant conflicts and environmental disturbances, aiding the preservation of its artifacts, including the ancient manuscripts. Options (A), (C), and (D) are incorrect because the Monastery's remote location hindered trade and tourism access, and the manuscript's preservation primarily relied on natural protection rather than modern facilities.
"
Faiyum_Zoo,"- Question: A local school in Faiyum is planning a field trip designed to introduce students to the region's natural environment and cultural heritage. Considering the image, where might the organizers consider taking the students for a combination of recreation and education? Options: (A) A traditional pottery workshop in a nearby village (B) A boat trip on Lake Qarun to observe migratory birds (C) The historical ruins of Karanis (D) A visit to a local zoo to view various animals
- Answer: (D) A visit to a local zoo to view various animals
- Reason: Faiyum Zoo is a recreational and educational space for the local community to view and learn about the animals."
Aguilkia_Island,"- Question: A tour guide is explaining the significance of the relocated temple complex to a group of visitors. Understanding the motivations behind the relocation, which aspect of the project would they most likely emphasize to highlight international cooperation and Egypt's dedication to preserving ancient heritage? Options: (A) The island's natural rock formations (B) The complex's proximity to a modern city (C) The detailed process of dismantling, moving, and reconstructing the structures (D) The economic benefits derived from tourism
- Answer: (C) The detailed process of dismantling, moving, and reconstructing the structures
- Reason: The meticulous and complex process of relocating the temple stone by stone represents a massive engineering feat and exemplifies the international effort to preserve Egypt's cultural heritage. Highlighting this aspect would best convey the dedication and cooperation involved.
"
Hanging_Church_(Cairo),"- Question: A local Coptic family is planning a special religious ceremony to honor their ancestors and reaffirm their faith. Considering the historical context and architectural significance associated with the location depicted in the image, which element would most likely be incorporated into their ceremony to symbolically represent resilience and continuity of their religious traditions? Options: (A) A public feast featuring traditional Egyptian cuisine for the local community (B) A procession with elaborate floats depicting biblical scenes through the streets of Cairo (C) A solemn prayer service held within the oldest section of the church, surrounded by ancient icons (D) A re-enactment of a pharaonic ritual, blending ancient Egyptian and Coptic traditions

- Answer: (C) A solemn prayer service held within the oldest section of the church, surrounded by ancient icons

- Reason: Given the Hanging Church's history as a safe haven during periods of persecution, its long and uninterrupted history, and the presence of ancient icons, a prayer service within its oldest section would be the most fitting element. This choice directly connects to the church's cultural significance as a symbol of resilience and the continuity of Coptic traditions. The ancient icons further emphasize the historical and religious depth of the ceremony.
"
Qubbet_el-Hawa,"- Question: A local artisan is crafting souvenirs inspired by the ancient traditions of this area. Given the historical context of the location in the image, which material would most authentically reflect the region's past economic reliance and trade relationships?
Options: (A) Mass-produced plastic (B) Imported silk (C) Locally sourced granite (D) Modern printed papyrus

- Answer: (C) Locally sourced granite
- Reason: The region around Qubbet el-Hawa, near Aswan, was known for its granite quarries, a valuable resource traded and utilized throughout ancient Egypt, particularly for monumental structures. Elephantine was an important place for stone quarrying and trading. This makes granite a suitable material to reflect the region’s economy and trade.
"
Ptolemaic_Temple_of_Hathor_in_Deir_el-Medina,"- Question: Imagine a craftsman from the village depicted in the image, seeking divine favor for success in decorating a royal tomb. Which aspect of their craft would they most likely emphasize in their prayers at this location? Options: (A) The precision of their hieroglyphic writing. (B) The grandeur of the pharaoh's power. (C) The abundance of gold used in decoration. (D) The protection the goddess offers in the afterlife.
- Answer: (A) The precision of their hieroglyphic writing.
- Reason: Given that this temple was built by artisans and craftsmen, and the temple is dedicated to Hathor, the divine mistress of the West, music, dance, and joy, they would most likely emphasize the precision of their hieroglyphic writing in their prayers. The accuracy of their art is paramount to ensuring the pharaoh's successful transition and eternal life.
"
Tomb_of_Nakht_TT52,"- Question: Imagine a prominent figure during the time period of the depicted structure is commissioning artisans to decorate their private tomb. Which of the following scenes would they most likely instruct the artisans to prominently feature to ensure a blessed afterlife, reflecting the common beliefs of their time? Options: (A) Military victories and conquests (B) Scenes of trade and commerce with foreign lands (C) Elaborate banquets, musical performances, and religious rituals (D) Advanced engineering feats and architectural innovations
- Answer: (C) Elaborate banquets, musical performances, and religious rituals
- Reason: The time period, as indicated by the introduction, emphasizes the importance of the afterlife, religious rituals, and the enjoyment of earthly pleasures as a means to ensure a prosperous afterlife. Elaborate banquets, musical performances, and religious rituals are common themes depicted in the tombs of the elite, reflecting their beliefs and aspirations for the afterlife. Military victories, while important, were less commonly featured in private tombs.
"
Abdeen_Palace,"- Question: A newly appointed foreign ambassador is scheduled to present their credentials in Egypt. Considering the historical significance and function of the building depicted, which type of reception would be most appropriate, reflecting both respect for the host country and the ambassador's new role? Options: (A) A casual outdoor luncheon (B) A grand formal ceremony inside the building (C) A private meeting at a modern office building (D) A tour of historical sites followed by dinner at a local restaurant
- Answer: (B) A grand formal ceremony inside the building
- Reason: The building is a former royal palace that has been used for hosting state guests and official receptions. Therefore, a grand formal ceremony inside the building would be the most appropriate setting for an ambassador to present their credentials, showing respect for the host country's traditions and the importance of the occasion.
"
Deir_el-Medina,"- Question: Imagine a resident of the village depicted in the image has a disagreement with a neighbor regarding the placement of a shared wall. Knowing the context of this community, how would this dispute most likely be resolved? Options: (A) A formal trial presided over by the Pharaoh in the capital city. (B) Mediation by a respected elder or scribe within the community. (C) A duel fought between the two residents to settle the matter. (D) An appeal to a foreign power for arbitration.
- Answer: (B) Mediation by a respected elder or scribe within the community.
- Reason: Deir el-Medina had its own internal justice system and a degree of autonomy. Disputes were likely resolved through mediation within the community rather than involving the Pharaoh or external entities. The skilled and literate members of the village, such as scribes or respected elders, would have been well-suited to facilitate these resolutions.
"
Egyptian_National_Military_Museum,"- Question: A foreign diplomat, deeply interested in understanding the roots of modern Egyptian national identity, seeks a location that best encapsulates the nation's historical resilience and strength. Where would you recommend they visit to gain the most comprehensive insight? Options: (A) A modern art gallery showcasing contemporary Egyptian artists. (B) A bustling marketplace known for traditional crafts and local cuisine. (C) A historic complex displaying military artifacts from various periods of Egyptian history. (D) A serene garden featuring native Egyptian flora and fauna.
- Answer: (C) A historic complex displaying military artifacts from various periods of Egyptian history.
- Reason: This answer correctly identifies that the best place for the diplomat to understand the roots of Egyptian national identity, historical resilience and strength is within an environment that showcases military artifacts from all of Egyptian history. The image is of a historic complex and the question asks where they should visit.
"
Madrasah_of_Al-Nasir_Muhammad,"- Question: A local artisan is creating a replica of an architectural element from a prominent historical structure in Cairo. He emphasizes the use of spolia, incorporating materials believed to have originated from a Crusader site. Which aspect of the building's history, as depicted in the image, is he most likely trying to represent through this technique? Options: (A) The building's role as a center for Sufi mysticism (B) The building's dedication to astronomical studies (C) The building's association with military victories and power (D) The building's location near the Nile River, facilitating trade
- Answer: (C) The building's association with military victories and power
- Reason: The incorporation of materials taken from Acre after a Crusader victory signifies the Mamluks' power and triumph over their adversaries. The artisan's emphasis on spolia directly references this aspect of the building's history.
"
Al-Manyal_Palace_Museum,"- Question: A prominent Egyptian family, known for their deep appreciation of diverse architectural styles and passion for global botany, decides to host an exclusive gathering to honor a visiting delegation of international botanists. Drawing inspiration from the image, where within the complex would the family most likely choose to host the main reception, to best showcase both their refined taste and dedication to fostering cross-cultural understanding?
Options: (A) Inside a traditionally styled Ottoman throne hall (B) Within the richly decorated mosque (C) Amidst the expansive and diverse gardens (D) In a museum displaying hunting trophies and weaponry
- Answer: (C) Amidst the expansive and diverse gardens
- Reason: The expansive gardens, showcasing a diverse collection of rare plants and trees from around the world, would be the most appropriate setting. This choice reflects the family's appreciation for global botany (relevant to the visiting delegation), and demonstrates their refined taste through the beauty and tranquility of the carefully cultivated space. The gardens emphasize cross-cultural understanding by displaying plants from various regions.
"
Monastery_of_Saint_Samuel_the_Confessor,"- Question: A family plans a pilgrimage seeking blessings and spiritual guidance. Considering the image, which traditional practice might they undertake upon arrival, reflecting the monastery's historical role as a sanctuary amidst hardship? Options: (A) Participating in a desert survival skills workshop (B) Offering modern technology donations to the monks (C) Seeking healing through prayers and veneration of Saint Samuel (D) Requesting a guided tour focusing on modern architectural renovations
- Answer: (C) Seeking healing through prayers and veneration of Saint Samuel
- Reason: The Monastery is known for stories of Saint Samuel healing the sick. Pilgrims seeking blessings and spiritual guidance are likely to participate in practices connected to this, such as prayers and veneration of the Saint. This reflects the monastery's role as a sanctuary where miracles and divine protection are sought.
"
Meidum,"- Question: Imagine a team of modern architects visiting the structure shown in the image. They are tasked with designing a new, monumental building in a desert environment. Reflecting on the failures and lessons learned from this ancient structure, what would be the MOST critical aspect of the modern design they would prioritize to ensure long-term stability and avoid a similar fate? Options: (A) Incorporating elaborate interior decorations to honor past traditions. (B) Conducting thorough geological surveys and employing advanced foundation engineering techniques. (C) Choosing a remote location to minimize external disturbances. (D) Utilizing only locally sourced materials to reduce transportation costs.
- Answer: (B) Conducting thorough geological surveys and employing advanced foundation engineering techniques.
- Reason: The image depicts a partially collapsed pyramid. The collapse highlights the critical importance of understanding the underlying geology and employing robust engineering techniques to ensure the stability of such a massive structure. Therefore, modern architects learning from this failure would prioritize geological surveys and foundation engineering above all else.
"
Abu_el-Abbas_el-Mursi_Mosque,"- Question: A local fisherman is preparing for a long voyage and seeks blessings for a safe and bountiful journey. Which of the following actions would be most culturally appropriate to perform near the structure shown in the image before setting sail? Options: (A) Offering a sacrifice of livestock (B) Leaving a small donation and reciting a prayer for protection (C) Consulting a fortune teller for favorable sailing conditions (D) Participating in a festival dedicated to ancient Egyptian sea gods
- Answer: (B) Leaving a small donation and reciting a prayer for protection
- Reason: Given the Mosque is believed to have a connection to the sea and protect sailors and fishermen, it is culturally appropriate to leave a small donation and recite a prayer for protection.
"
Theban_Necropolis,"- Question: A local artisan living near the site depicted in the image is commissioned to create a piece of art reflecting the region's heritage for a cultural festival. Which of the following themes would be most appropriate and respectful for their artwork? Options: (A) A futuristic cityscape depicting advanced technology (B) A vibrant celebration of a pharaoh's military victories (C) A somber depiction of tomb robbery and curses (D) An abstract representation of the cycle of life and death, inspired by ancient funerary art
- Answer: (D) An abstract representation of the cycle of life and death, inspired by ancient funerary art
- Reason: Given that the image depicts the Theban Necropolis, which is a burial complex, the most appropriate and respectful theme would be related to the afterlife and funerary traditions. Option D captures this essence through an abstract representation of the cycle of life and death, reflecting the ancient Egyptians' beliefs about the afterlife as evidenced in their funerary art. Options A, B, and C are less suitable because they either clash with the historical context (futuristic cityscape), focus on potentially sensitive or negative aspects (tomb robbery), or depict a singular, potentially glorified, view of the past (military victories) rather than the broader cultural significance of the site.
"
Citadel_of_Qaitbay,"- Question: A renowned marine archaeologist is preparing to give a lecture on the evolution of coastal defense strategies in the Mediterranean. To visually emphasize the enduring legacy of Alexandria as a strategic port city, which image would they most likely choose as their opening slide, subtly hinting at both its historical significance and resilience against naval threats? Options: (A) A modern map of Alexandria's harbor (B) A depiction of a bustling marketplace in Cairo (C) An image of a prominent historical fortress along Alexandria's coastline (D) A photograph of a traditional felucca sailing on the Nile.
- Answer: (C) An image of a prominent historical fortress along Alexandria's coastline
- Reason: The question describes a lecture about coastal defense and Alexandria's strategic importance. Option C, depicting the fortress, directly relates to this theme, highlighting Alexandria's defenses and historical resilience, especially in relation to naval threats, subtly referencing the Citadel.
"
Nabq_Protected_Area,"- Question: A local Bedouin family, who have traditionally relied on the land, needs to decide where to graze their livestock during an unusually dry season. Considering the unique characteristics of the area depicted in the image, where would they most likely seek refuge for their animals, understanding the importance of water and vegetation? Options: (A) The high, rocky mountain peaks (B) The open, sandy plains far from the coast (C) Near the coastal mangrove forests and wadis (D) In the deep desert, hoping for rain
- Answer: (C) Near the coastal mangrove forests and wadis
- Reason: The mangrove forests and wadis (dry riverbeds that occasionally channel water) would be the most likely place to find water and some vegetation, offering the best chance for the livestock to survive during a dry season. Bedouins, with their traditional knowledge, would understand this ecological advantage.
"
Mosque_of_al-Mahmudiya,"- Question: A newly appointed Ottoman governor, unfamiliar with local customs, wishes to demonstrate his commitment to the community. Considering the architectural style prevalent in the image, what gesture would most effectively communicate respect for local traditions while subtly reflecting the new Ottoman influence? Options: (A) Commissioning a fountain with intricate Mamluk-style carvings near the mosque. (B) Ordering the construction of a tall, slender minaret reminiscent of Ottoman architectural design for the mosque. (C) Sponsoring a festival celebrating the previous Mamluk rulers. (D) Funding the restoration of a Coptic Christian church in the vicinity.
- Answer: (B) Ordering the construction of a tall, slender minaret reminiscent of Ottoman architectural design for the mosque.
- Reason: The image shows a mosque with an Ottoman-style minaret. Constructing a similar minaret demonstrates respect for Islamic traditions by enhancing a place of worship, while also subtly asserting Ottoman influence through the introduction of their distinct architectural style, achieving a balance between respecting local culture and establishing the new Ottoman presence.
"
Bibliotheca_Alexandrina_planetarium,"- Question: A school group from a rural village in Egypt is visiting the city. Recognizing the importance of fostering a connection to their heritage, the teachers decide to take them to a specific location. Which location, deeply connected to the area's intellectual history and offering a modern interpretation of ancient wisdom, would best serve this purpose? Options: (A) A traditional Egyptian bazaar showcasing local crafts (B) A newly constructed sports stadium celebrating national athletic achievements (C) A historical library known for its globe-shaped dome and focus on astronomy (D) A modern art museum featuring contemporary Egyptian artists
- Answer: (C) A historical library known for its globe-shaped dome and focus on astronomy
- Reason: The question describes a scenario where teachers aim to connect students with their heritage. Of the options, the Bibliotheca Alexandrina Planetarium (described as a ""historical library known for its globe-shaped dome and focus on astronomy"") aligns best with this goal. It revives the ancient Library of Alexandria's spirit, embodies ancient Egyptian astronomical knowledge, and serves as a modern center for learning and scientific exploration. Options A, B, and D, while potentially valuable, do not have the same direct link to Egypt's intellectual history and ancient wisdom, making them less suitable for the described purpose.
"
Al-Jawhara_Palace_museum,"- Question: Imagine a visiting European ambassador in the 1840s being hosted for a formal dinner at the palace depicted. Which of the following cultural gestures would Muhammad Ali Pasha most likely perform to demonstrate his desire to modernize Egypt and align with European customs during the dinner? Options: (A) Serving traditional Egyptian Kushari as the main course (B) Presenting the ambassador with a hand-woven Egyptian carpet as a gift (C) Showcasing a collection of intricate European clocks and discussing their mechanics (D) Conducting the entire dinner in Arabic without translation to emphasize Egyptian heritage
- Answer: (C) Showcasing a collection of intricate European clocks and discussing their mechanics
- Reason: Muhammad Ali Pasha was known for his fascination with European technology and his efforts to modernize Egypt. Showcasing European clocks would be a gesture demonstrating his admiration for European advancements and his desire to emulate them, fitting the scenario of a formal dinner with a European ambassador.
"
Aswan_High_Dam,"- Question: A group of Nubian elders are gathering to share stories with the younger generation. Knowing the historical context of this region, which narrative theme is most likely to dominate their discussions? Options: (A) Celebrating the increased fish production in Lake Nasser. (B) Recounting the difficulties of relocating their ancestral villages. (C) Praising the dam's contribution to Egypt's electricity supply. (D) Focusing on the successful preservation of the Abu Simbel temples as a symbol of progress.
- Answer: (B) Recounting the difficulties of relocating their ancestral villages.
- Reason: The Nubian people were displaced due to the creation of Lake Nasser by the dam. This relocation and its associated challenges are central to their historical experience and cultural memory.
"
Mortuary_Temple_of_Hatshepsut,"- Question: A delegation of architects is visiting various ancient sites. At the location depicted in the image, what unique architectural feature would they likely focus on to understand the integration of monumental structures with the natural landscape and how it symbolizes power? Options: (A) The complex irrigation systems for surrounding agriculture (B) The terraced design rising from the desert floor (C) The use of elaborate defensive fortifications (D) The hidden underground chambers used for royal burials
- Answer: (B) The terraced design rising from the desert floor
- Reason: The Mortuary Temple's terraced design, seamlessly blending with the cliffs, is a defining feature and a key aspect of its architectural innovation. The architects would study this unique design to understand the integration with the natural landscape and how it reinforces the temple's imposing presence as a symbol of Hatshepsut's power.
"
Deir_el-Bahari,"- Question: A theatrical production is being planned to honor a powerful female ruler from ancient times. Knowing the architectural style and historical context suggested by the image, which of the following stage designs would most authentically reflect the ruler's legacy and the likely setting for her most significant achievements?
Options: (A) A grand pyramid with hidden chambers (B) A terraced complex carved into a cliff face (C) A sprawling palace with multiple courtyards (D) A fortified city surrounded by high walls
- Answer: (B) A terraced complex carved into a cliff face
- Reason: The image depicts Deir el-Bahari, which is known for its unique terraced architecture built into the cliffs. This distinctive style is most closely associated with Queen Hatshepsut, a powerful female ruler. Therefore, a stage design featuring a terraced complex carved into a cliff face would most authentically reflect her legacy and the setting of her achievements.
"
El_Alamein_Military_Museum,"- Question: A group of international diplomats is visiting the site depicted in the image as part of a cultural exchange program focused on promoting peace and understanding. Given the history of this location, what specific aspect of the visit is most likely emphasized to highlight the themes of reconciliation and shared humanity?
Options: (A) A reenactment of a famous battle scene. (B) A focus on the advanced weaponry used during the conflict. (C) A presentation of personal stories and artifacts from soldiers of all nationalities involved. (D) A demonstration of the strategic military tactics employed by specific nations.
- Answer: (C) A presentation of personal stories and artifacts from soldiers of all nationalities involved.
- Reason: The museum's emphasis on showcasing the perspectives of all nations involved in the conflict, particularly through personal stories and artifacts, aligns directly with the goals of promoting reconciliation and shared humanity. This approach encourages empathy and understanding beyond national allegiances.
"
"Pompey's_Pillar,_Alexandria","- Question: A European traveler in the 12th century, visiting the area depicted in the image, seeks to understand local historical narratives. Given the prevailing beliefs of the time, which Roman figure would they MOST likely associate with the monument, regardless of its true origin? Options: (A) Julius Caesar (B) Emperor Diocletian (C) Mark Antony (D) Pompey the Great
- Answer: (D) Pompey the Great
- Reason: The question highlights the historical misattribution of the monument's name. The introduction explains that the name ""Pompey's Pillar"" originated much later, likely during the Crusades, when Europeans, unfamiliar with its true origins, attributed it to Pompey the Great, even though the pillar was erected in honor of Emperor Diocletian. Therefore, a 12th-century European traveler would most likely associate the pillar with Pompey the Great.
"
Esna_Temple,"- Question: Imagine a local artisan during the Roman period wants to create a piece that honors both the ruling empire and the local deity associated with prosperity and the Nile. Inspired by the structure in the image, what motif would they most likely incorporate into their design? Options: (A) Gladiatorial combats (B) The Emperor offering gifts to a ram-headed god (C) Roman senators debating in the Forum (D) A scene of chariot racing
- Answer: (B) The Emperor offering gifts to a ram-headed god
- Reason: The temple's interior walls depict Roman emperors making offerings to Khnum, a ram-headed creator god associated with the Nile and fertility. This blending of Roman power and Egyptian religious tradition makes it the most likely motif an artisan would use to honor both cultures.
"
Pyramid_of_Amenemhat_III_in_Hawara,"- Question: A group of modern-day farmers in the region are discussing how to best manage their irrigation systems for optimal crop yield. Considering the historical context of water management in this area, which approach would resonate most with the legacy of rulers associated with the structure in the image? Options: (A) Prioritizing industrial water usage over agricultural needs. (B) Implementing large-scale drainage projects to expand arable land. (C) Focusing solely on short-term gains without considering long-term sustainability. (D) Investing in innovative irrigation techniques to maximize agricultural output and ensure long-term sustainability.
- Answer: (D) Investing in innovative irrigation techniques to maximize agricultural output and ensure long-term sustainability.
- Reason: The structure in the image is located in the Faiyum region, which was known for its fertile land and extensive irrigation projects undertaken by Amenemhat III. Therefore, an approach focused on innovative irrigation techniques to maximize agricultural output and ensure long-term sustainability would be most in line with his legacy.
"
Great_Sphinx_of_Giza,"- Question: A renowned archaeologist is planning an expedition to study the monument in the image. Considering the local climate and historical context, what time of year would be most strategically advantageous for the excavation and research to minimize environmental impact on the monument? Options: (A) During the summer months to maximize daylight hours (B) During the winter months to avoid extreme heat and sandstorms (C) During the spring months to coincide with the blooming desert flowers (D) During the autumn months to align with local religious festivals
- Answer: (B) During the winter months to avoid extreme heat and sandstorms
- Reason: The monument is located in a desert environment. Winter months in Egypt generally offer milder temperatures and fewer sandstorms compared to the scorching heat of summer. Excavation during this time would be more comfortable for researchers and less likely to cause further erosion or damage to the fragile limestone structure due to extreme weather conditions.
"
Rahmanyia_island,"- Question: A local artisan in the Beheira Governorate is crafting a diorama depicting a pivotal moment in Egyptian history for a regional museum. Given the historical context of the island shown in the image, which scene would most accurately represent the island's primary claim to fame? Options: (A) Construction of a modern agricultural project. (B) A clash between French and Ottoman-Mamluk forces on the island. (C) A traditional Nile River fishing village. (D) The signing of a trade agreement between Egypt and a European power.
- Answer: (B) A clash between French and Ottoman-Mamluk forces on the island.
- Reason: The Battle of Rahmanyia, a significant clash between French forces and Ottoman-Mamluk forces during the French Campaign in Egypt in 1799, is the most prominent historical event associated with the island. Therefore, representing this battle would most accurately depict the island's primary claim to historical fame.
"
Al-Azhar_Park_(Cairo),"- Question: A Cairene family wants to celebrate a special occasion, like a child's graduation, in a public space that reflects both modern aspirations and a deep appreciation for their city's historical heritage. Which of the following venues would best fulfill their needs? Options: (A) A modern shopping mall on the outskirts of Cairo (B) A traditional coffee shop in Khan el-Khalili (C) A newly-established private garden club restricted to members only (D) A revitalized public park offering views of historic Cairo and restored Ayyubid walls
- Answer: (D) A revitalized public park offering views of historic Cairo and restored Ayyubid walls
- Reason: The image is of Al-Azhar Park in Cairo, which is a revitalized public park. The question requires understanding that Al-Azhar Park is not just a green space, but also a symbol of urban renewal and preservation of historical heritage (Ayyubid walls). Therefore, a family celebrating a special occasion would likely choose this venue to honor both modern aspirations and historical appreciation. The other options do not fulfill both aspects of the scenario.
"
Deir_el-Muharraq,"- Question: A Coptic Christian family is planning a pilgrimage within Egypt with the primary intention of seeking blessings at a site deeply connected to the early history of Christianity in the region. Given its significance, which traditional practice are they most likely to undertake upon arriving at the destination depicted in the image? Options: (A) Participating in a camel race (B) Visiting during the annual harvest festival to offer produce (C) Touching and praying at the site believed to be where the Holy Family rested (D) Learning hieroglyphics from local scholars
- Answer: (C) Touching and praying at the site believed to be where the Holy Family rested
- Reason: The image depicts Deir el-Muharraq, a Coptic Orthodox monastery considered highly significant due to the Holy Family's stay there. The most likely traditional practice for pilgrims would be to venerate the specific site believed to be where the Holy Family rested and seek blessings through prayer and physical contact.
"
"Shalalat_Garden,_Alexandria","- Question: A historical drama is filming a scene depicting a royal family enjoying a leisurely afternoon in a public garden during the mid-20th century. Considering the setting and the desire to evoke a sense of modernity and progress during that era in Egypt, which design element prominently featured in the garden is most essential for the film crew to emphasize in their shots? Options: (A) Ancient Pharaonic statues (B) Lush, artificially created waterfalls (C) Traditional Islamic geometric patterns (D) Native desert plants and cacti
- Answer: (B) Lush, artificially created waterfalls
- Reason: The Shalalat Garden's defining feature is its artificial waterfalls, constructed in the early to mid-20th century. These waterfalls symbolize the modernity and progress that King Farouk aimed to bring to Egypt. Emphasizing this element in a historical drama set in that period would accurately reflect the garden's significance and the era's aesthetic aspirations.
"
Eliyahu_Hanavi_Synagogue_(Alexandria),"- Question: Imagine a historian researching the diverse communities that shaped Alexandria's cultural landscape in the 19th century. Based on the image and its historical context, which architectural style would the historian likely point to as evidence of European influence on a prominent religious building in the city during that period? Options: (A) Ancient Egyptian (B) Islamic (C) Italian and French Renaissance (D) Ottoman
- Answer: (C) Italian and French Renaissance
- Reason: The Eliyahu Hanavi Synagogue was rebuilt in 1857 in the Italian and French Renaissance styles. This architectural choice reflects the influence of the European communities that were growing and contributing to Alexandria's society during the 19th century.
"
Orman_Garden,"- Question: A local botany student is tasked with identifying a specific plant species for a research project. Knowing the importance of categorizing flora by family for study, in which section of the garden depicted in the image would this student most likely begin their search?
Options: (A) The Cactus Garden (B) The Rose Garden (C) Plant Families Section (D) Herb Garden
- Answer: (C) Plant Families Section
- Reason: The ""Plant Families"" section is specifically organized to display plant species grouped according to their scientific families, making it the most logical starting point for a botany student researching a specific plant species. This setup provides an efficient and structured way to understand plant relationships and characteristics.
"
Fatimid_Cemetery_in_Aswan,"- Question: A local Nubian family in Aswan seeks to honor their ancestor believed to have been a respected scholar during the Fatimid Caliphate. Considering the architectural style and historical context of the location in the image, which of the following actions would be most culturally appropriate to commemorate their ancestor's life during a modern-day memorial? Options: (A) Erecting a large, ornately decorated monument with hieroglyphic inscriptions. (B) Commissioning a simple, dome-shaped mud-brick structure near the historical site, reflecting traditional Fatimid architectural styles. (C) Organizing a lavish feast with traditional Nubian music and dance at the site, inviting tourists and locals alike. (D) Excavating the ancestor's tomb to retrieve artifacts and relics for a museum exhibit.
- Answer: (B) Commissioning a simple, dome-shaped mud-brick structure near the historical site, reflecting traditional Fatimid architectural styles.
- Reason: The image represents the Fatimid Cemetery in Aswan, characterized by its simple, dome-shaped mud-brick structures. Given the Fatimid context and the desire to honor an ancestor respectfully, commissioning a similar structure would be the most culturally appropriate action, aligning with the historical and architectural traditions of the site. Options A, C, and D would either clash with the site's historical context or be considered disrespectful and potentially illegal.
"
Famine_stele,"- Question: Imagine a local chieftain during the Ptolemaic Dynasty is attempting to garner support for a rebellion against the central authority. He wishes to invoke a historical precedent to highlight the potential consequences of neglecting the traditional gods and the importance of local control over resources. Which of the following actions would best serve his purpose, drawing inspiration from the artifact associated with the location shown in the image? Options: (A) Commissioning the construction of a grand new temple dedicated to the Ptolemaic rulers. (B) Circulating a narrative about a past era when a pharaoh's neglect of a local deity led to widespread hardship, which was only resolved through renewed devotion and local empowerment. (C) Promoting trade with distant lands to alleviate economic grievances. (D) Organizing a military parade to showcase the strength of the local forces.
- Answer: (B) Circulating a narrative about a past era when a pharaoh's neglect of a local deity led to widespread hardship, which was only resolved through renewed devotion and local empowerment.
- Reason: The Famine Stele presents a narrative of a past famine caused by neglecting the god Khnum, which was resolved by the pharaoh's renewed devotion and offerings. A rebellious chieftain could use a similar story to incite unrest by suggesting that the current rulers are neglecting the local gods and, therefore, causing hardship, while also subtly promoting the idea that local control (and by extension, the chieftain's rule) would ensure continued prosperity through proper devotion.
"
Mokattam,"- Question: A Coptic family is planning a day trip during a religious holiday. Knowing the historical significance and the presence of unique religious sites in the area depicted in the image, what activity are they most likely planning for their visit? Options: (A) A picnic and sightseeing focusing on panoramic views of the city. (B) A visit to the local quarries to learn about the history of stone extraction. (C) A pilgrimage to a cave church and participation in religious ceremonies. (D) Exploring the modern residential areas and recreational facilities for leisure activities.
- Answer: (C) A pilgrimage to a cave church and participation in religious ceremonies.
- Reason: The image is of Mokattam, which is deeply connected to the Coptic Christian tradition, particularly the story of Saint Simon the Tanner and the miracle of the moving mountain. The area is home to several Coptic churches, including the Cave Church of Saint Simon, making it a significant pilgrimage site. Therefore, a Coptic family planning a day trip during a religious holiday is most likely visiting to engage in religious activities.
"
Aquarium_Grotto_Garden,"- Question: A group of elementary school students is visiting the location depicted in the image on a field trip. The goal is to teach them about the importance of water in Egyptian culture and the environment. Which educational activity would most effectively integrate the historical reverence for water with modern conservation efforts, relevant to the location's core themes? Options: (A) A demonstration of traditional Egyptian fishing techniques on the Nile. (B) A lecture on ancient Egyptian irrigation systems, followed by a tour of the site's modern water filtration methods. (C) A theatrical reenactment of myths that are related to the ancient Egyptian gods. (D) A workshop on building miniature models of the pyramids using sand and clay.
- Answer: (B) A lecture on ancient Egyptian irrigation systems, followed by a tour of the site's modern water filtration methods.
- Reason: This option directly connects the historical significance of water management in ancient Egypt with contemporary conservation practices that might be observed at a modern ""Aquarium_Grotto_Garden"". It bridges the past and present, showing students how reverence for water evolved into modern environmental stewardship. The other options are either not as directly relevant to the core themes (A, D) or less focused on integrating historical and modern perspectives (C).
"
Gezira,"- Question: During the mid-19th century, a foreign dignitary is invited to a lavish reception hosted by the Egyptian Khedive, aiming to impress them with the nation's modernization efforts and refined hospitality. Based on the image, where is this grand reception most likely to take place? Options: (A) A traditional Bedouin tent in the desert (B) A newly constructed palace hotel on an island in the Nile (C) An ancient temple complex in Luxor (D) A bustling marketplace in old Cairo
- Answer: (B) A newly constructed palace hotel on an island in the Nile
- Reason: The introduction indicates that during the mid-19th century, Khedive Ismail initiated significant urban planning and built luxurious palaces and the Gezira Palace Hotel on Gezira Island to showcase Egypt's wealth and sophistication to dignitaries. Therefore, a grand reception would likely be held in a newly constructed palace hotel on the island.
"
Mausoleum_of_Aga_Khan,"- Question: A local artisan in Aswan is commissioned to create a piece of art representing the region's most iconic landmarks. Understanding the cultural sensitivities surrounding burial sites, which architectural element prominently featured in the image would they likely choose to depict, while respectfully omitting any direct representation of the tomb itself? Options: (A) The surrounding desert landscape (B) The central dome, showcasing Fatimid architectural influences (C) The Nile River flowing nearby (D) The meticulously maintained gardens
- Answer: (B) The central dome, showcasing Fatimid architectural influences
- Reason: The central dome is a key architectural feature inspired by the Fatimid style, reflecting the region's Islamic heritage and the Aga Khan's lineage. Depicting the dome allows the artist to represent the landmark's essence while being respectful of the site's purpose as a mausoleum.
"
Great_Temple_of_the_Aten,"- Question: Imagine a pharaoh wants to quickly establish a new religious center and consolidate political power. Based on the image and its historical context, which construction technique would be most suitable for expediting the building process? Options: (A) Employing a large number of unskilled laborers to quarry massive stone blocks (B) Utilizing standardized, smaller blocks of stone for rapid assembly (C) Importing pre-fabricated structures from neighboring kingdoms (D) Relying on natural caves and rock formations for temple construction
- Answer: (B) Utilizing standardized, smaller blocks of stone for rapid assembly
- Reason: The introduction mentions the extensive use of *talatat* blocks, which were smaller, standardized blocks of stone that allowed for rapid construction of the Great Temple of the Aten. This technique would be the most efficient way for a pharaoh to quickly establish a new religious center.
"
Qasr_al-Nil_Bridge,"- Question: A film director is shooting a scene that symbolizes the divide between different social classes in Cairo. Knowing that one side of the structure in the image leads to an affluent, cosmopolitan area and the other to a historically significant public square known for demonstrations, where along this structure would the director likely stage a confrontation between characters from these contrasting backgrounds?
Options: (A) On a felucca sailing under the structure (B) At the very center of the structure (C) At the base of the structure, near the public square (D) At the entrance to the affluent area
- Answer: (B) At the very center of the structure
- Reason: Staging the confrontation at the center of the bridge visually represents the literal and metaphorical divide between the two areas and social classes, highlighting the tension and contrast between them.
"
Temple_of_Khonsu_in_Karnak,"- Question: A high priest is preparing for a major festival dedicated to the Theban Triad. Given the architectural style and historical context suggested by the image, which aspect of the temple rituals would most likely emphasize Khonsu's role in healing and protection?
Options: (A) The offering of the first harvest to Amun-Re. (B) The performance of a symbolic lunar cycle dance within the hypostyle hall. (C) The recitation of spells to ensure the Pharaoh's reign is successful. (D) The consultation of oracles to predict the future harvests.
- Answer: (B) The performance of a symbolic lunar cycle dance within the hypostyle hall.
- Reason: The temple is dedicated to Khonsu, the moon god, associated with healing, protection and passage of time. Therefore rituals that are directly related to the moon god in the temple such as lunar cycle dances, would most likely emphasize his role in healing and protection.
"
Beni_Hassan,"Image: [Imagine an image of the interior of a Beni Hasan tomb, showing vibrant paintings of wrestling scenes.]

- Question: A modern-day film crew is shooting a historical documentary about the social customs of ancient Egypt. To accurately portray the leisure activities of the ruling class in a specific region, which aspect of tomb decoration, reflective of regional sporting traditions, would they be most interested in replicating for their set design?
Options: (A) Detailed depictions of agricultural practices and harvest festivals. (B) Scenes of elaborate funerary processions and religious rituals. (C) Vivid portrayals of wrestling matches and athletic competitions. (D) Illustrations of domestic life, including family meals and musical performances.
- Answer: (C) Vivid portrayals of wrestling matches and athletic competitions.
- Reason: The tombs at Beni Hasan are well known for their detailed and vivid depictions of wrestling matches and athletic competitions, providing insights into the leisure activities and sporting traditions of the region's ruling class during the Middle Kingdom. This makes them an ideal subject for replicating set designs aiming for historical accuracy in portraying social customs.
"
Kiosk_of_Trajan_in_Philae,"- Question: A modern film crew arrives at the site depicted in the image, planning to shoot a historical drama set during the Roman occupation of Egypt. Which aspect of the site’s history would be most important for the director to accurately portray to reflect the cultural context of the time?
Options: (A) The site's original use as a Roman military outpost. (B) The continued practice of Egyptian religious rituals alongside the acknowledgement of Roman imperial power. (C) The complete abandonment of Egyptian religious practices in favor of Roman gods. (D) The site's exclusive dedication to the worship of Roman emperors.
- Answer: (B) The continued practice of Egyptian religious rituals alongside the acknowledgement of Roman imperial power.
- Reason: The site in the image reflects a period of syncretism, where traditional Egyptian religious practices continued under Roman rule. The Roman rulers often incorporated local customs and beliefs to maintain stability and legitimacy. Depicting the blending of Egyptian religious rituals and acknowledgement of Roman authority would provide the most historically accurate portrayal of the era.
"
Khan_el-Khalili,"- Question: A visitor wishes to purchase a unique, handcrafted gift that reflects the rich artistic traditions of the region. Knowing that haggling is customary, what initial action would be most appropriate when inquiring about the price of an item? Options: (A) Immediately offering half the asking price. (B) Complimenting the craftsmanship and then politely inquiring about the price. (C) Asking for the price while expressing disinterest in the item. (D) Showing great enthusiasm and offering to pay the full price without haggling.
- Answer: (B) Complimenting the craftsmanship and then politely inquiring about the price.
- Reason: Politeness and appreciation are valued in the culture. Beginning with a compliment shows respect for the artisan and their work, setting a positive tone for the subsequent negotiation. This approach is more culturally sensitive than immediately offering a low price or showing disinterest.
"
Luxor_Temple,"- Question: Imagine a newly crowned pharaoh wishes to reaffirm their divine right to rule and ensure the continued prosperity of the kingdom. Based on the practices associated with the site in the image, which grand, symbolic event would they most likely revive and emphasize? Options: (A) A gladiatorial combat showcasing military strength (B) A chariot race dedicated to the god of the sun (C) A religious procession along the Nile connecting two major temple complexes (D) A grand feast celebrating the harvest and abundance of the land
- Answer: (C) A religious procession along the Nile connecting two major temple complexes
- Reason: The image depicts Luxor Temple, which was historically connected to Karnak Temple via the Avenue of Sphinxes. The Opet Festival involved a religious procession along the Nile between these two temples, symbolizing the renewal of divine power and the fertility of the land, thus reaffirming the pharaoh's divine authority.
"
Suez_Canal_Bridge,"- Question: A logistics company needs to transport goods from Cairo to a major port city located on the Gulf of Aqaba. Considering the geographical landscape and infrastructure implied by the image, which route would likely be the most efficient and direct for their transport trucks? Options: (A) A route entirely along the western side of the Suez Canal (B) A route that utilizes a bridge crossing the Suez Canal to access the Sinai Peninsula (C) A route circling around the southern tip of the Sinai Peninsula by sea (D) A route through the Western Desert, avoiding the canal area entirely
- Answer: (B) A route that utilizes a bridge crossing the Suez Canal to access the Sinai Peninsula
- Reason: The presence of the bridge suggests a direct land route is available to connect the mainland of Egypt to the Sinai Peninsula. Since the Gulf of Aqaba is located east of the Sinai Peninsula, crossing the canal via the bridge allows for a more direct and efficient land route compared to alternatives like circumnavigating the Sinai Peninsula by sea or taking a longer route through the Western Desert or the West of the Canal.
"
Pyramid_of_Senusret_II,"- Question: A local Egyptian family, celebrating the end of the harvest season near the structure in the image, chooses to enact a traditional play for their children. Which theme would MOST likely be central to their performance? Options: (A) A mythical battle between gods and demons for control of the Nile's floodwaters. (B) A comedic tale of a clumsy merchant who loses his goods in the desert. (C) A moral story about the importance of loyalty to the Pharaoh and the afterlife journey. (D) A romantic drama between a shepherd and a noblewoman set against the backdrop of a royal palace.
- Answer: (C) A moral story about the importance of loyalty to the Pharaoh and the afterlife journey.
- Reason: Given that the image depicts the Pyramid of Senusret II, and pyramids were integral to pharaonic beliefs surrounding the afterlife and the divine right of the pharaoh, a play focusing on loyalty to the pharaoh and the afterlife would be most culturally relevant and likely to be performed near such a significant monument.
"
Pyramid_of_Neferirkare,"- Question: Imagine a local Egyptian family is celebrating the Pharoah's birthday. Given the image, where might they host a picnic while reflecting on the legacy of the Pharoah, given that the construction was never truly completed? Options: (A) Inside one of the completed burial chambers, seeking the Pharoah's blessing (B) At the base of the structure, contemplating its ambitious yet unfinished nature (C) Along the causeway, honoring the Pharoah's fully realized vision (D) At the summit, believing they can connect with the Pharoah.
- Answer: (B) At the base of the structure, contemplating its ambitious yet unfinished nature
- Reason: Given that the introduction highlights the unfinished nature of the construction, hosting a picnic at the base allows the family to reflect on the ambitious plans and incomplete legacy, fostering a deeper connection with the Pharaoh's historical context.
"
Pyramid_of_Qakare_Ibi,"- Question: Imagine a local chieftain, facing increasing pressure from neighboring regions during a period of weak central rule, decides to construct a burial monument for himself. Reflecting the economic constraints and the desire to connect with a glorious past, which construction material would they likely choose for their monument? Options: (A) Granite blocks sourced from distant quarries (B) Mud brick readily available in the region (C) Imported cedar wood from Lebanon (D) Bronze castings from Nubia.
- Answer: (B) Mud brick readily available in the region
- Reason: The image, together with the information that pyramid of Qakare Ibi was constructed primarily of mud brick, indicates mud brick was a readily available and cost-effective material. During a time of weak central rule and economic constraints, a local chieftain would likely opt for mud brick to construct their burial monument.
"
Giza_Plateau,"- Question: An archaeological team discovers a hidden chamber near the largest structure in the image. Local tradition dictates that any artifact uncovered must first undergo a ritual purification. What element is most likely to be used prominently in this cleansing ritual, reflecting both practical resources and spiritual beliefs of the region? Options: (A) Himalayan Salt (B) Nile River Water (C) Olive Oil (D) Frankincense Resin
- Answer: (B) Nile River Water
- Reason: The Nile River has always been the lifeline of Egypt, providing water for sustenance, agriculture, and also holding deep spiritual significance in their ancient beliefs. Therefore, Nile River water would be the most logical and culturally relevant choice for a purification ritual in the region depicted.
"
Sultan_Qaytbay_Complex,"- Question: A local artisan wishes to create a tile pattern reflecting the artistic style of a historical structure known for its intricate stone carvings. Which architectural element would provide the most representative and inspiring motif for their design, capturing the essence of Mamluk artistry? Options: (A) The layout of residential quarters (B) The design of the public fountain (sabil-kuttab) (C) The geometric decorations on the mosque's dome (D) The structure of the Sufi lodge (khanqah)
- Answer: (C) The geometric decorations on the mosque's dome
- Reason: The mosque dome is specifically mentioned as being decorated with intricately carved geometric and floral patterns, which are a hallmark of the complex's artistry. The question emphasizes the desire to reflect the complex's artistic style, making the dome the most suitable and inspiring source for the artisan's tile pattern.
"
Pyramid_of_Menkaure,"- Question: A local artisan is crafting a miniature replica of a famous historical site for a wealthy patron who values authenticity above all else. Knowing the patron intends to display the replica as a symbol of a ruler known for his just and benevolent governance, which defining characteristic of the structure should the artisan intentionally portray, even if it deviates from the structure's original grand design? Options: (A) The pristine, white limestone finish covering the entire structure (B) The perfectly smooth, uninterrupted slope from base to apex (C) The contrasting red granite at the base, left in a deliberately unfinished state (D) The inclusion of hidden chambers filled with valuable treasures
- Answer: (C) The contrasting red granite at the base, left in a deliberately unfinished state
- Reason: While Menkaure was considered a just and benevolent ruler, the structure associated with him is known for its unfinished lower layers of red granite. The artisan should intentionally portray the unfinished red granite base, as this feature reflects a change in focus during his reign (possibly shorter or facing economic constraints), and portraying this deviation from a 'grand design' hints at the more compassionate story associated with Menkaure.
"
Amr_Ibn_al-Aas_Mosque_(Damietta),"- Question: A local artisan in Damietta is commissioned to create a new decorative panel for a significant religious site. Considering the historical context of this region, what design element would they most likely emphasize to reflect the area's cultural heritage? Options: (A) Pharaonic hieroglyphs (B) Coptic Christian symbols (C) Islamic geometric patterns and calligraphy (D) Images of Mediterranean sea life
- Answer: (C) Islamic geometric patterns and calligraphy
- Reason: Damietta is a city with a strong Islamic heritage, particularly exemplified by the mosque shown in the image. Islamic geometric patterns and calligraphy are traditional design elements that reflect this heritage and would be most appropriate for a significant religious site in the area.
"
Montaza_Palace,"- Question: During the summer months, a high-profile wedding is planned in a location resembling that in the image. To reflect Egyptian heritage while incorporating modern luxury for international guests, which of the following entertainment options would be the MOST culturally appropriate and representative of the venue's history? Options: (A) A performance by a European classical orchestra (B) A contemporary pop music concert (C) A traditional Egyptian folk music and dance ensemble (D) A laser light show projected onto the main palace

- Answer: (C) A traditional Egyptian folk music and dance ensemble
- Reason: The image evokes a sense of Egyptian history and culture, specifically the royal era. A traditional Egyptian folk music and dance ensemble would be the most culturally appropriate choice as it directly reflects Egyptian heritage and provides an authentic experience for both local and international guests. While modern luxury is considered, focusing on European or contemporary options would clash with the venue's inherent historical and cultural significance.
"
6_October_Bridge,"- Question: During a period of significant political unrest in Cairo, which is most likely to be true regarding this iconic structure? Options: (A) It would likely be decorated with celebratory lights and banners. (B) It would likely be completely deserted to avoid any public gatherings. (C) It might become a focal point for protests and demonstrations. (D) It would likely be closed for routine maintenance unrelated to the unrest.
- Answer: (C) It might become a focal point for protests and demonstrations.
- Reason: The 6th of October Bridge has historically served as a strategic location during times of political unrest in Cairo, making it a likely gathering point for protests and demonstrations.
"
Ben_Ezra_Synagogue,"- Question: A group of history enthusiasts is planning a visit to a site in Cairo with the goal of exploring a location that reflects a blend of religious traditions and is rumored to be connected to a significant figure from the Old Testament. Considering the image, where are they most likely heading? Options: (A) A newly built Mosque renowned for its modern Islamic architecture (B) A Pharaonic temple dedicated to ancient Egyptian deities (C) A historic site revered by multiple religions and potentially linked to the story of Moses (D) A modern museum showcasing contemporary Egyptian art
- Answer: (C) A historic site revered by multiple religions and potentially linked to the story of Moses
- Reason: The Ben Ezra Synagogue is located in a historically Coptic Christian area, indicating a blend of religious traditions. It is also associated with the legend of Moses being found in the reeds, making option (C) the most likely destination based on the scenario.
"
Bent_Pyramid,"- Question: Imagine a team of modern architects visiting the site depicted in the image. Aware of the historical context, which aspect of their visit would most likely spark a discussion about adaptive problem-solving and iterative design processes in modern architecture?
    Options: (A) The intricate hieroglyphic carvings inside the pyramid. (B) The unique change in the pyramid's angle mid-construction. (C) The alignment of the pyramid with the cardinal directions. (D) The sheer volume of stone used in the pyramid's construction.
- Answer: (B) The unique change in the pyramid's angle mid-construction.
- Reason: The abrupt change in angle suggests an adaptation to unforeseen challenges during construction, offering a compelling case study for modern architects interested in problem-solving and iterative design processes. The other options, while relevant to ancient Egyptian architecture, do not as directly highlight the concept of adapting to overcome a problem during the design and building phase.
"
"Crystal_Mountain,_White_Desert","- Question: A film crew is scouting locations in Egypt for a science fiction movie set on an alien planet with bizarre rock formations and mineral deposits. They are seeking a landscape that conveys both otherworldly beauty and a sense of geological mystery. Which of the following locations would best fit their needs, based on its unique geological features and surreal appearance? Options: (A) A lush oasis with palm trees and abundant vegetation (B) A traditional Egyptian village with ancient architecture (C) A coastal resort area along the Red Sea (D) A desert area characterized by chalk-white rock formations and crystalline outcrops
- Answer: (D) A desert area characterized by chalk-white rock formations and crystalline outcrops
- Reason: The Crystal Mountain and White Desert are known for their unique geological features (crystalline outcrops and chalk-white formations) and surreal appearance, making them an ideal location for a science fiction movie seeking an otherworldly landscape. The other options do not offer the same level of geological strangeness or visual distinctiveness.
"
Pyramid_of_Djedkare_Isesi,"- Question: Imagine a local artisan in the South Saqqara region wants to create a historically inspired piece reflecting the architectural shifts during the late Fifth Dynasty. Considering the changes in royal power and resource allocation of that era, which material would they most likely choose to emphasize in their artwork to symbolize this transition? Options: (A) Finely polished granite (B) Intricately carved alabaster (C) Locally sourced limestone and mud brick (D) Imported cedar wood
- Answer: (C) Locally sourced limestone and mud brick
- Reason: The late Fifth Dynasty saw a decline in the absolute power of the pharaoh and a possible weakening of the central treasury. This is reflected in the less sturdy construction techniques of the pyramid in the image, utilizing rough-cut limestone blocks bound together with mud mortar. Therefore, a local artisan would most likely use locally sourced limestone and mud brick to symbolize this transition in their artwork.
"
Alexandria_Zoo,"- Question: A family from Cairo is visiting Alexandria for the weekend. Considering local customs and typical family outings, where would they most likely take their children for an afternoon of leisure and entertainment, aiming for a mix of education and recreation rooted in the city's heritage? Options: (A) A high-end shopping mall (B) A secluded beach resort (C) A historical zoological garden with diverse animal exhibits (D) A modern amusement park on the outskirts of the city
- Answer: (C) A historical zoological garden with diverse animal exhibits
- Reason: Given the cultural context of family outings in Egypt, a historical zoological garden provides a blend of recreation and education, aligning with the family's aim for leisure activities rooted in the city's heritage. Alexandria Zoo, with its long-standing presence and diverse animal exhibits, fits this description, offering a cherished destination for generations of Egyptian families.
"
Monastery_of_Saint_Macarius_the_Great,"- Question: A group of Coptic Orthodox pilgrims, seeking spiritual renewal, arrive at the location depicted in the image after a long journey from the Nile Delta. Considering the environment, what is the most vital practical preparation they would have made before embarking on their trip to ensure their well-being during their stay?
    Options: (A) Acquiring special permits from the Egyptian Ministry of Tourism. (B) Packing lightweight, breathable clothing and ample water supplies. (C) Learning basic Arabic phrases to communicate with the local population. (D) Bringing offerings of incense and candles for the monastery's clergy.
- Answer: (B) Packing lightweight, breathable clothing and ample water supplies.
- Reason: Given the monastery's location in the arid Wadi El Natrun, survival in the desert environment requires protection from the heat and sufficient hydration. Lightweight clothing and ample water are essential for pilgrims' well-being. The image depicts a building in the desert, which is in line with the monastery. Thus, the pilgrims must prepare themselves accordingly.
"
Pyramid_of_Userkaf,"- Question: Imagine a religious leader during the Fifth Dynasty advocating for the growing importance of Ra. Based on the architectural trends evident in the image, where would they most likely suggest building a new temple to further promote this solar deity?
Options: (A) Directly attached to the East side of the existing pyramid complex. (B) As a separate, dedicated structure located a short distance away from the royal pyramid. (C) Integrated within the existing pyramid's mortuary temple, replacing current decorations. (D) Hidden underground, accessible only to high priests.
- Answer: (B) As a separate, dedicated structure located a short distance away from the royal pyramid.
- Reason: The Fifth Dynasty, particularly under Userkaf, saw a rise in the importance of the solar cult of Ra. Userkaf built a separate solar temple dedicated to Ra near Abu Ghurab. This suggests that religious leaders would advocate for the construction of additional, standalone solar temples to promote the worship of Ra.
"
Valley_of_the_Queens,"- Question: A royal family in ancient Egypt, preparing for the afterlife, wishes to ensure their women and children are honored with artistry that reflects their status, but also in a space that suggests familial intimacy. Considering the architectural and cultural context of the time, where would they most likely choose to bury their loved ones? Options: (A) A sprawling, monumental pyramid complex designed for the pharaoh alone. (B) A secluded valley known for its detailed and personal artistic renderings. (C) A temple complex dedicated to a specific deity with tombs integrated within. (D) A mass grave site, with no elaborate decorations.
- Answer: (B) A secluded valley known for its detailed and personal artistic renderings.
- Reason: The Valley of the Queens is characterized by its detailed artistry, intended for the pharaohs' consorts, children, and other high-ranking royal members. The architecture and design provide a more intimate space than the grand, pharaoh-centric Valley of the Kings.
"
Cairo_International_Stadium,"- Question: An Egyptian family is planning a day out to celebrate a major national holiday that promotes unity and pride. Considering the stadium's significance, which activity would most closely align with the cultural importance of the location shown in the image? Options: (A) Attending a local crafts fair showcasing traditional Egyptian art. (B) Visiting the Giza pyramids to connect with ancient Egyptian history. (C) Attending a significant football match featuring the Egyptian national team. (D) Exploring the Khan el-Khalili bazaar for traditional shopping.
- Answer: (C) Attending a significant football match featuring the Egyptian national team.
- Reason: Cairo International Stadium is a symbol of Egyptian national pride and passion for football. Attending a significant football match featuring the Egyptian national team would align with the stadium's cultural importance as a place where the nation unites and celebrates shared victories. The location is deeply connected to the modern national identity through sports.
"
Sakakini_Palace,"- Question: A prominent Syrian businessman, newly arrived in Cairo in the late 1800s and eager to establish his status, seeks to build a residence that reflects both his newfound wealth and an appreciation for European architectural styles. Given the cultural context of that era in Egypt, what architectural choice would MOST effectively convey his ambition and cosmopolitan tastes?
Options: (A) Constructing a traditional Islamic-style courtyard house with intricate geometric patterns. (B) Building a neo-Rococo palace adorned with European-inspired statues and ornamentation. (C) Designing a minimalist villa inspired by ancient Egyptian temples. (D) Creating a fortress-like structure reflecting military strength and regional power.
- Answer: (B) Building a neo-Rococo palace adorned with European-inspired statues and ornamentation.
- Reason: During the late 19th century in Egypt, European architectural styles were associated with modernity, wealth, and status. A neo-Rococo palace, similar to Sakakini Palace, would have been a clear statement of the businessman's ambition and cosmopolitan tastes, setting him apart from those adhering to more traditional Islamic or Egyptian architectural norms.
"
Dendera_Temple_complex,"- Question: Imagine you're a priestess in ancient Egypt, tasked with preparing the temple for a significant annual festival celebrating the union of Hathor and Horus. Considering the primary purpose of this festival, which aspect of the temple's decoration would you focus on enhancing to ensure the success of the celebration and the fertility of the land?
Options: (A) Highlighting the astronomical ceiling decorations depicting constellations. (B) Emphasizing the depictions of pharaohs making offerings to deities. (C) Adorning the temple with symbols of love, music, and fertility. (D) Cleaning and restoring the crypts beneath the main temple.
- Answer: (C) Adorning the temple with symbols of love, music, and fertility.
- Reason: The festival celebrates the union of Hathor, the goddess of love, beauty, music, and fertility, with Horus. Therefore, the most appropriate action to ensure the festival's success would be to focus on enhancing the temple with elements that reflect Hathor's attributes, symbolizing the core theme of the celebration.
"
Islamic_Cairo,"- Question: A local artisan living in the area depicted in the image is known for crafting intricate wooden panels featuring geometric patterns and calligraphy. Which historical period's artistic style would most heavily influence his designs?
Options: (A) Ancient Egyptian (B) Roman (C) Mamluk (D) Modern Contemporary
- Answer: (C) Mamluk
- Reason: The Mamluk period (1250-1517 CE) is considered the golden age of Islamic Cairo, known for its prolific construction and intricate artistic details, including geometric patterns and calligraphy on wooden panels. Therefore, a local artisan would likely draw the most inspiration from this period.
"
Ras_Muhammad,"- Question: A local diver, recounting stories to tourists, mentions a specific area within the park that experienced divers avoid anchoring in, not due to official regulations, but because of a long-held belief among boat captains. What is the most likely reason for this avoidance? Options: (A) The area is believed to be haunted by ancient spirits. (B) Anchoring there is rumored to bring bad luck in fishing. (C) The area is known for exceptionally strong and unpredictable currents or previous reef damage. (D) Anchoring there disturbs a specific type of migratory bird.
- Answer: (C) The area is known for exceptionally strong and unpredictable currents or previous reef damage.
- Reason: The introduction mentions that certain spots are rumored to be unlucky to anchor in due to strong currents or damage to the reef that has occurred in the past, passed down from diving guides and boat captains. This aligns with the diver's story of a long-held belief and practical concerns related to the marine environment of the park.
"
Mosque_of_al-Maridani,"- Question: A local artisan in the Darb al-Ahmar district of Cairo is commissioned to create a commemorative tile for a newly renovated traditional house. Considering the cultural and artistic context of the neighborhood, and inspired by the artistic achievements of the Bahri Mamluk era, which of the following design elements would be most fitting for the tile?
Options: (A) A depiction of a modern skyscraper (B) Intricate geometric patterns and Quranic inscriptions (C) A portrait of a contemporary Egyptian celebrity (D) A landscape featuring the Nile River with Pharaonic symbols

- Answer: (B) Intricate geometric patterns and Quranic inscriptions
- Reason: The Mosque of al-Maridani, located in the Darb al-Ahmar district, is a prime example of Mamluk architecture characterized by intricate geometric patterns and Quranic inscriptions. An artisan seeking to create a design fitting the cultural and artistic context of the neighborhood would draw inspiration from these features.
"
"Greco-Roman_Museum,_Alexandria","- Question: An archaeologist discovered an artifact exhibiting the syncretism of Egyptian and Greek religious symbols, potentially from the Ptolemaic period. Based on its location and artistic style, where would this artifact most likely be housed for preservation and research?
Options: (A) The Egyptian Museum, Cairo (B) The Louvre Museum, Paris (C) A local Coptic Church (D) A museum dedicated to the unique blend of Greco-Roman and Egyptian cultures in Alexandria.
- Answer: (D) A museum dedicated to the unique blend of Greco-Roman and Egyptian cultures in Alexandria.
- Reason: The scenario describes an artifact that combines Egyptian and Greek religious symbols, indicative of the cultural synthesis that occurred in Alexandria during the Greco-Roman period, particularly under the Ptolemies. A museum dedicated to this specific cultural blend in Alexandria would be the most logical and appropriate place for its preservation and study.
"
Synagogue_of_Moses_Maimonides,"- Question: A visiting scholar researching the history of religious minorities in Egypt notices the synagogue in the image. Reflecting on the historical context of its construction and purpose, which architectural characteristic would most likely indicate past restrictions imposed on the Jewish community? Options: (A) The presence of a large, ornate dome (B) The relatively modest exterior appearance (C) The extensive use of gold ornamentation (D) The prominent placement of Stars of David on the facade
- Answer: (B) The relatively modest exterior appearance
- Reason: Historically, religious minorities in Egypt faced restrictions on displaying wealth or power outwardly. Therefore, a relatively modest exterior appearance of the synagogue, in contrast to grander structures, would be indicative of these past limitations.
"
Mosque_of_Saint_Ibrahim_El-Desouky,"- Question: A large group of people are gathering at the site depicted in the image for Mawlid El-Desouki. Knowing this is a significant Sufi celebration, what activity would be most characteristic of the events taking place?
Options: (A) Distributing food to the poor and needy (B) Watching a theatrical performance depicting ancient Egyptian pharaohs (C) Participating in a political rally advocating for secular governance (D) Attending a classical music concert featuring Western composers
- Answer: (A) Distributing food to the poor and needy
- Reason: Mawlid El-Desouki is a Sufi celebration centered on the life and teachings of Ibrahim El-Desouky, who was known for his compassion and generosity. Distributing food to the poor and needy aligns with these values and is a common practice during Sufi festivals.
"
Al-Sayeda_Nafeesah_Mosque,"- Question: A local Cairene is facing a difficult personal situation and seeks solace and blessings. Considering the cultural significance associated with the building in the image, where would they most likely go to offer prayers and seek spiritual guidance? Options: (A) A bustling marketplace (B) A modern shopping mall (C) A historical library (D) The shrine within a revered religious site
- Answer: (D) The shrine within a revered religious site
- Reason: The image depicts a significant religious site known for its spiritual importance. Given the scenario, a Cairene seeking solace and blessings would be most likely to visit the shrine within such a site to offer prayers and seek spiritual guidance, aligning with the cultural significance of the location.
"
Saint_Barbara_Church_in_Coptic_Cairo,"- Question: A visitor to the area depicted in the image wishes to respectfully engage with local customs by offering a suitable gift to a prominent figure within the religious community. Considering the historical and cultural context of the site, which offering would be most appropriate? Options: (A) A donation to support the preservation of ancient manuscripts (B) A modern technological device to aid in administrative tasks (C) A lavish piece of jewelry for personal adornment (D) A collection of contemporary pop music albums
- Answer: (A) A donation to support the preservation of ancient manuscripts
- Reason: Given the historical and religious significance of Saint Barbara's Church and its location in Coptic Cairo, a donation to preserve ancient manuscripts aligns best with the church's mission to preserve Coptic heritage and acknowledges the value of its historical artifacts. Options B, C, and D are less relevant and potentially inappropriate due to the religious setting and cultural context.
"
Temple_of_Derr,"- Question: A newly appointed Egyptian governor is tasked with reinforcing Egyptian authority in a region south of Egypt during the New Kingdom. To impress upon the local Nubian population the power and divinity of the Pharaoh, which action would be most effective, drawing inspiration from the image?
Options: (A) Building a mud-brick granary to improve local food supplies. (B) Commissioning a rock-cut temple dedicated to the Pharaoh and key Egyptian deities. (C) Establishing a trading post to facilitate economic exchange between Egypt and Nubia. (D) Organizing a series of athletic competitions showcasing Egyptian strength and skill.
- Answer: (B) Commissioning a rock-cut temple dedicated to the Pharaoh and key Egyptian deities.
- Reason: Rock-cut temples, like the one in the image, served as powerful statements of Egyptian dominance and the deification of the Pharaoh in Nubia. This option directly leverages the historical context and purpose behind such structures during the New Kingdom, making it the most effective way to impress upon the local population the power and divinity of the Pharaoh.
"
Alexandria_Port,"- Question: A historian is researching the cultural fusion in a city historically known as a melting pot of Mediterranean and Eastern cultures, facilitated by its bustling maritime activities. Considering the image, which traditional social gathering is most likely to have featured a diverse array of culinary influences in this port city? Options: (A) A Bedouin desert feast with traditional nomadic dishes. (B) A noble's banquet featuring exclusively ancient Egyptian cuisine. (C) A merchant's guild celebration blending Greek, Egyptian, and Levantine flavors. (D) A religious festival serving only domestically grown crops.
- Answer: (C) A merchant's guild celebration blending Greek, Egyptian, and Levantine flavors.
- Reason: Alexandria's port was a major hub that fostered cultural exchange between various groups, including Greeks, Egyptians, and Levantines. A merchant's guild celebration would be the most likely setting for a culinary fusion reflecting this diverse cultural interaction, as merchants would bring goods and traditions from different regions to the city.
"
Mosque-Madrassa_of_Sultan_Hassan,"- Question: A local artisan is commissioned to create a piece of calligraphy to be displayed within the building depicted in the image. Considering the historical context and function of this place, which calligraphic style would be most appropriate to reflect the building's original intent and cultural significance? Options: (A) Kufic, emphasizing geometric forms and angularity (B) Nasta'liq, known for its flowing and elegant curves (C) Thuluth, characterized by its large size and complex compositions (D) Diwani, often used for official documents and decrees
- Answer: (C) Thuluth, characterized by its large size and complex compositions
- Reason: Thuluth script, with its large size and decorative complexity, was commonly used in monumental inscriptions and religious contexts during the Mamluk period. This style would be most fitting for a building intended to project power, piety, and artistic excellence, aligning with the mosque's original function and cultural significance. Kufic style was older and more suitable for the early Islamic era. Nasta'liq and Diwani are not associated with Mamluk era in Egypt.
"
Bab_al-Futuh,"- Question: A newly appointed governor of Cairo plans a symbolic procession to showcase the city's strength and his authority. Considering the historical context and purpose of the structure in the image, which route would be most fitting for this procession to emphasize Cairo's resilience and enduring power? Options: (A) A parade through the modern business district, highlighting economic progress. (B) A solemn march entering the city through the structure in the image, showcasing historical continuity. (C) A boat procession along the Nile River, emphasizing trade and resources. (D) A gathering at the city's largest mosque, focusing on religious unity.
- Answer: (B) A solemn march entering the city through the structure in the image, showcasing historical continuity.
- Reason: The image depicts a historical gate, built as part of Cairo's fortifications. Passing through the gate symbolizes entering the heart of the old city and acknowledges the city's historical roots, resilience, and past power. This would be the most appropriate symbolic choice for the governor's procession.
"
Qalawun_complex,"- Question: A local Cairene is feeling unwell and, following an old family tradition, seeks a place renowned for its comprehensive care that integrates both physical and mental well-being, possibly including soothing music. According to the historical context, where might this person be directed?
Options: (A) A modern pharmacy on a bustling commercial street (B) A traditional coffee house known for philosophical debates (C) A historical complex known for its ancient hospital focused on holistic healing (D) A religious school focused solely on theological studies.
- Answer: (C) A historical complex known for its ancient hospital focused on holistic healing
- Reason: The Qalawun Complex contains the Maristan, a hospital renowned for its comprehensive medical care, including mental well-being and music therapy. The scenario describes someone seeking this type of holistic treatment, aligning with the historical function of the Maristan within the complex.
"
"Saint_Mark's_Coptic_Orthodox_Cathedral,_Cairo","- Question: A newlywed Coptic Christian couple in Cairo desires to have their wedding ceremony in a location deeply connected to their faith's historical roots and the current center of their religious leadership. Considering the significance of different locations, where would they most likely choose to hold their wedding ceremony? Options: (A) A historical site in Alexandria, reminiscent of the early Church (B) A monastery in the Egyptian desert known for its ancient traditions (C) The location depicted in the image, the seat of the Coptic Orthodox Pope (D) A modern, Western-style wedding venue in downtown Cairo
- Answer: (C) The location depicted in the image, the seat of the Coptic Orthodox Pope
- Reason: The image represents the Saint Mark's Coptic Orthodox Cathedral in Cairo, which serves as the seat of the Coptic Orthodox Pope and the spiritual center for Coptic Christians. A couple desiring a location deeply connected to their faith's leadership and a place of great religious significance would most likely choose this cathedral for their wedding ceremony over other options that are either more historically distant (Alexandria), geographically isolated (desert monastery), or culturally less relevant (Western-style venue).
"
Coptic_Museum_in_Cairo,"- Question: A visiting scholar is researching the fusion of artistic styles in early Egyptian Christian art. Given the historical context and the type of artifacts commonly displayed in the building shown, which artistic influence would they most likely focus on to understand the development of Coptic iconography during the first few centuries of Christianity? Options: (A) Ancient Roman portraiture (B) Pharaonic religious symbols (C) Byzantine mosaic techniques (D) Islamic geometric patterns
- Answer: (B) Pharaonic religious symbols
- Reason: The scholar would focus on Pharaonic religious symbols because the museum's collection spans the decline of Pharaonic religion and the rise of Christianity in Egypt. Early Coptic art often integrated and adapted Pharaonic motifs into new Christian contexts, representing a fusion of these artistic and religious traditions.
"
Nilometer_in_Rhoda_Island,"- Question: During the reign of a Caliph in 9th century Egypt, a period of unusually low Nile River levels caused widespread concern. Knowing the historical context of the structure in the image, what immediate action would the Caliph most likely take to address the potential social and economic consequences of this drought? Options: (A) Increase military spending to secure resources from neighboring regions (B) Consult the readings from the structure in the image to determine fair taxation and implement grain rationing (C) Order the construction of grand monuments to appease the gods and restore the Nile's bounty (D) Encourage citizens to migrate to other regions with more reliable water sources
- Answer: (B) Consult the readings from the structure in the image to determine fair taxation and implement grain rationing
- Reason: The structure in the image is a Nilometer, historically used to measure the Nile's water level and predict agricultural yields. In a time of low Nile levels, the Caliph would primarily rely on the Nilometer's readings to adjust taxation fairly based on the anticipated poor harvest and implement grain rationing to prevent famine and maintain social stability.
"
San_Stefano_Grand_Plaza,"- Question: A film crew wants to shoot a scene depicting the opulence of modern Alexandria, Egypt. Considering the desire to subtly reference both its historical ties to the Mediterranean and its current status as a hub for luxury shopping and socializing, which of the following backdrops would best suit their needs? Options: (A) A bustling traditional market street with vendors selling local goods. (B) A historical site like the Catacombs of Kom El Shoqafa. (C) An upscale beachfront complex featuring high-end boutiques and modern architecture. (D) A view of the Library of Alexandria.
- Answer: (C) An upscale beachfront complex featuring high-end boutiques and modern architecture.
- Reason: The image depicts a large, modern complex by the sea which aligns with the idea of opulence, luxury shopping, and the beachfront location referencing Alexandria's Mediterranean ties. The other options do not fully capture all these elements together.
"
Mohandessin,"- Question: A newlywed couple is seeking a neighborhood in Giza known for its organized layout, wide streets ideal for leisurely evening strolls, and a mix of modern amenities with a touch of established charm. Where would a real estate agent most likely suggest they begin their search? Options: (A) Old Cairo (B) Islamic Cairo (C) Mohandessin (D) Imbaba
- Answer: (C) Mohandessin
- Reason: Mohandessin is known for its planned layout with wide streets, its blend of modern amenities and mid-20th century charm, and its relatively relaxed atmosphere compared to more densely populated areas. This aligns with the newlywed couple's preferences for organized living and leisurely strolls, making Mohandessin the most suitable option.
"
Speos_Artemidos,"- Question: An archaeological team discovers a partially defaced inscription at a religious site. The inscription appears to be initially commissioned by a female ruler. Later alterations indicate a subsequent male ruler attempted to erase or replace the female ruler's name and symbols. Based on this discovery, what political motive is MOST likely driving the alterations? Options: (A) To show respect for the previous ruler's accomplishments by building upon them. (B) To undermine the legitimacy and erase the legacy of the preceding female ruler. (C) To accurately reflect a change in religious doctrine. (D) To modernize the site to fit contemporary artistic trends.
- Answer: (B) To undermine the legitimacy and erase the legacy of the preceding female ruler.
- Reason: The scenario describes *damnatio memoriae*, which is the intentional erasure of a person from historical records and memory. This was commonly practiced by successors who wished to delegitimize their predecessors' rule, particularly if there were succession disputes or questions about the legitimacy of the prior ruler's claim to power, as happened with Hatshepsut and Thutmose III.
"
Pyramid_of_Khendjer,"- Question: A local artisan, inspired by ancient traditions, is commissioned to create a miniature pyramid as a gift for a visiting dignitary. Reflecting the period of political uncertainty during which the original pyramid (as seen in the image) was constructed, which material would the artisan most likely choose to represent the era's resource constraints and practical adaptations? Options: (A) Polished granite (B) Imported cedar wood (C) Locally sourced mudbrick (D) Pure gold leaf
- Answer: (C) Locally sourced mudbrick
- Reason: The original pyramid in the image was built using mudbrick due to resource limitations during the Second Intermediate Period. Using mudbrick in the miniature pyramid would symbolically represent the economic and material constraints of that historical era.
"
Al-Salih_Tala'i_Mosque,"- Question: A group of tourists visiting Cairo is particularly interested in Fatimid-era architecture. They are eager to experience the blend of religious space and communal area, a common feature of that time. Based on the architectural style of the structure in the image, which of the following activities would they most likely expect to find incorporated within or immediately adjacent to the building? Options: (A) A bustling library filled with ancient texts. (B) A series of bathhouses for ritual cleansing. (C) A marketplace and shops supporting the mosque's upkeep. (D) A military training ground to defend the city.
- Answer: (C) A marketplace and shops supporting the mosque's upkeep.
- Reason: The Al-Salih Tala'i Mosque was built on a raised platform with shops (*hanuts*) beneath it, whose rental income was intended to finance the mosque's maintenance. This integration of commercial space for the mosque's upkeep is a unique and forward-thinking feature that the tourists would likely expect to find, reflecting the Fatimid era's approach to combining religious and communal functions.
"
Mallawi_Museum,"- Question: A local artisan from the region surrounding the location in the image seeks inspiration for a new line of crafts that reflect the area's unique cultural identity. What theme would MOST likely influence their designs, drawing from the historical significance of the artifacts typically housed in a museum of this type? Options: (A) Coastal Mediterranean motifs, emphasizing maritime trade and naval power (B) Religious symbols associated with wisdom, writing, and the afterlife, reflecting the local ancient deities (C) Desert landscapes and nomadic traditions, highlighting the Bedouin heritage of the region (D) Geometric patterns inspired by Nubian art, showcasing the cultural exchange with southern neighbors
- Answer: (B) Religious symbols associated with wisdom, writing, and the afterlife, reflecting the local ancient deities
- Reason: The museum primarily showcases artifacts from Middle Egypt, including Hermopolis Magna, which was dedicated to Thoth, the god of wisdom, writing, and magic, and ancient Egyptian funerary beliefs. Thus, religious symbols would be the most relevant and inspiring theme for a local artisan seeking to reflect the area's unique cultural identity, more so than coastal, desert, or Nubian themes.
"
Amir_Taz_Palace,"- Question: A prominent Egyptian family seeks a unique venue for a special gathering celebrating their ancestor's achievements during the Mamluk period. Aware of the era's emphasis on refined arts and intricate craftsmanship, and wishing to subtly evoke the spirit of influential figures of that time, which venue, similar to the one pictured, would best align with their desire for a culturally resonant setting that whispers tales of power and artistry? Options: (A) A modern hotel ballroom with generic décor (B) A renovated Ottoman-era courthouse known for its stark simplicity (C) A contemporary art gallery featuring abstract works (D) A historically significant palace showcasing Mamluk and Ottoman architectural fusion
- Answer: (D) A historically significant palace showcasing Mamluk and Ottoman architectural fusion
- Reason: The family desires a culturally resonant setting that reflects the Mamluk period's refined arts and power. A palace showcasing Mamluk and Ottoman architectural fusion, similar to Amir Taz Palace, would best meet this criteria as it inherently embodies the historical context and artistic sensibilities they wish to evoke.
"
Pyramid_of_Sahure,"- Question: A local artisan collective wishes to recreate elements from a pharaoh's mortuary temple, but with a twist. Instead of focusing solely on military victories, they aim to highlight scenes reflecting regional trade and cultural exchange. Drawing inspiration from the image, what aspect of the pharaoh's reign would they likely emphasize in their artwork? Options: (A) Construction of massive monuments using slave labor (B) Establishing diplomatic relations through maritime expeditions (C) Enacting strict laws and punishments to maintain order (D) Conquering neighboring lands to expand the empire
- Answer: (B) Establishing diplomatic relations through maritime expeditions
- Reason: Given the image and the context of pharaoh Sahure’s pyramid complex, particularly the mortuary temple's depictions of naval expeditions to Phoenicia, it is most likely that the local artisan collective would emphasize diplomatic relations established through maritime expeditions to reflect regional trade and cultural exchange.
"
Al-Rifa'i_Mosque,"- Question: A high-ranking Egyptian government official wants to honor a deceased former head of state with a grand state funeral. Given the historical significance of royal patronage and the desire to connect the leader's legacy with Egypt's past rulers, as symbolized in the image, where would the government official most likely choose to hold the interment ceremony? Options: (A) A public square in Cairo (B) A modern cemetery outside the city (C) A historical mosque known as a royal mausoleum (D) The leader's hometown
- Answer: (C) A historical mosque known as a royal mausoleum
- Reason: The image depicts Al-Rifa'i Mosque, which is known as a royal mausoleum. The question states that the government official wants to connect the leader's legacy with Egypt's past rulers. Therefore, holding the interment ceremony in a historical mosque known as a royal mausoleum would be the most fitting choice.
"
Mosque_of_Qajmas_al-Ishaqi,"- Question: A local artisan is commissioned to create a miniature replica of a prominent building for a cultural heritage exhibition. The replica needs to showcase the distinct architectural style of the late Mamluk period. Considering the details visible in the image, which decorative element would the artisan most likely emphasize in their model to accurately represent this era?
Options: (A) Large, geometric stained-glass windows (B) Simple, unadorned exterior walls (C) Intricate muqarnas carvings and ablaq masonry (D) Prominent Byzantine-style mosaics

- Answer: (C) Intricate muqarnas carvings and ablaq masonry
- Reason: The introduction highlights intricate muqarnas carvings and ablaq masonry as a key element of the late Mamluk architectural style exemplified by the building in the image. These features are distinctive of the period and would be essential to accurately represent it in a replica.
"
Nyuserre_sun_temple,"- Question: Imagine you are an ancient Egyptian priest during the Fifth Dynasty, tasked with preparing a sacred space for a significant ritual aimed at ensuring the Pharaoh's continued prosperity and connection to the divine. Given the image, in which direction would you primarily focus your prayers during the most crucial part of the ceremony? Options: (A) Towards the Nile River, seeking its life-giving force. (B) Towards the West, acknowledging the setting sun and the afterlife. (C) Towards the East, anticipating the rise of the sun and renewed life. (D) Towards the North, recognizing the source of the life-sustaining winds.
- Answer: (C) Towards the East, anticipating the rise of the sun and renewed life.
- Reason: The image represents a temple dedicated to the sun god Re. The most crucial part of the ceremony would involve appealing to Re for the Pharaoh's continued prosperity. This would logically be directed towards the East, symbolizing the rising sun, new beginnings, and the daily rebirth of Re, thus aligning with the temple's primary purpose.
"
Luxor_Museum,"- Question: An archaeologist discovers a hidden chamber near the structure in the image, filled with statues carefully buried centuries ago. What was the most probable reason for concealing these statues in such a manner, considering the historical context of the region? Options: (A) To protect them from invading Roman armies seeking to melt them down for currency. (B) To safeguard them during a period of political instability or religious upheaval within ancient Egypt. (C) To store them temporarily during a temple renovation project and they were forgotten. (D) To intentionally bury them as part of a pharaoh's elaborate funerary rituals.
- Answer: (B) To safeguard them during a period of political instability or religious upheaval within ancient Egypt.
- Reason: The Luxor Museum houses the ""Cachette of Statues,"" which were hidden beneath Luxor Temple, likely during a time of unrest to protect them from damage or desecration, making option (B) the most plausible scenario.
"
Aswan_Low_Dam,"- Question: An archaeologist discovers that during the early 20th century, local farmers downstream from the structure shown in the image are experiencing less fertile soil after seasonal floods. What could be a reason for this? Options: (A) Increased rainfall washed away the fertile soil (B) The structure trapped the silt that naturally fertilized the fields (C) A new type of crop was depleting the soil's nutrients (D) Volcanic activity altered the soil composition
- Answer: (B) The structure trapped the silt that naturally fertilized the fields
- Reason: The Aswan Low Dam, pictured in the image, was built to regulate the flow of the Nile. While it helped control flooding, it also trapped the silt that would normally be deposited downstream during the annual floods, which historically enriched the farmland.
"
Pyramid_of_Senusret_I,"- Question: Imagine a modern-day Egyptian family is visiting the site shown in the image. Knowing that the structure was intended to connect to earlier traditions, what cultural activity might the parents encourage their children to do at this location to instill a sense of national pride and historical connection? Options: (A) Draw graffiti on the remaining stones to express modern identity (B) Recite ancient Egyptian poems or stories related to pharaohs and their legacy (C) Collect fragments of stone as souvenirs of their visit (D) Stage a mock battle scene to reenact historical conflicts
- Answer: (B) Recite ancient Egyptian poems or stories related to pharaohs and their legacy
- Reason: Reciting ancient Egyptian poems or stories would directly connect the children to the pharaoh's legacy and instill a sense of national pride, aligning with the pyramid's purpose of reconnecting with earlier traditions and symbolizing royal power.
"
Tomb_of_Kheruef,"- Question: Imagine a high-ranking official from a foreign land is visiting the ancient site depicted in the image. Knowing the historical context, which aspect of the location would be MOST sensitive to discuss, requiring careful consideration of cultural and religious nuances during conversation? Options: (A) The architectural style of the columns (B) The presence of depictions related to a specific, controversial religious figure of the time (C) The structural integrity of the monument (D) The types of stone used in construction
- Answer: (B) The presence of depictions related to a specific, controversial religious figure of the time
- Reason: The image depicts a tomb from a period of religious upheaval in ancient Egypt, specifically the Amarna period when Akhenaten introduced Atenism. Discussing the depictions related to Akhenaten and his religious beliefs could be sensitive, as it represents a break from traditional Egyptian religion and was a source of conflict at the time. Therefore, it requires careful handling to avoid inadvertently causing offense or misunderstanding.
"
Sadat_museum,"- Question: A visiting foreign dignitary, deeply interested in Egyptian history and seeking to understand the complexities of regional peace efforts, requests a visit to a site that encapsulates the spirit of reconciliation and the challenges of leadership. Based on the image, which of the following locations would best fulfill this request? Options: (A) A bustling marketplace known for traditional crafts (B) The location depicted in the image (C) A historical site showcasing ancient pharaonic power (D) A modern art gallery featuring contemporary Egyptian artists
- Answer: (B) The location depicted in the image
- Reason: The Sadat Museum commemorates Anwar Sadat, whose most significant achievement was the peace treaty with Israel. A foreign dignitary interested in reconciliation and the challenges of leadership would find the Sadat Museum most relevant to their request. The other options represent different aspects of Egyptian culture and history, but do not directly address the themes of reconciliation and leadership in the context of regional peace.
"
Temple_of_Isis_in_Deir_el-Shelwit,"- Question: A local artisan wishes to create a souvenir for tourists visiting the site depicted in the image, aiming to capture the essence of the religious practices that once took place there during the Roman period. Which of the following designs would most accurately reflect a central theme of the rituals likely performed at this location?
Options: (A) A miniature chariot race track, symbolizing Roman imperial power. (B) A small statue of a Greek philosopher, representing intellectual pursuits. (C) A replica of a mother goddess cradling her child, symbolizing fertility and protection. (D) A depiction of a Roman emperor offering sacrifices to Jupiter, showcasing Roman state religion.
- Answer: (C) A replica of a mother goddess cradling her child, symbolizing fertility and protection.
- Reason: The image depicts a temple dedicated to Isis, who was revered as a mother goddess embodying fertility, motherhood, and protection. Rituals at the temple would likely have centered on these themes, making the statue of a mother goddess and child the most relevant and accurate souvenir to represent the religious practices once held there.
"
Al-Aqmar_Mosque,"- Question: A local artisan is commissioned to create a miniature replica of a historical building to be sold to tourists during the ""Eid"" festival. To capture the essence of the era and architectural style, which characteristic of the building, as shown in the image, should be most prominently featured in their design? Options: (A) The minaret's height relative to other mosques (B) The building's adherence to a perfectly rectangular layout (C) The intricate geometric patterns and angled facade (D) The use of modern building materials in its construction

- Answer: (C) The intricate geometric patterns and angled facade
- Reason: The Al-Aqmar Mosque is particularly known for its angled facade and intricate geometric designs. The prompt asks for what makes the building of the picture iconic, so the artisan should feature this aspect in order to be faithful to the building's unique identity and stand out with the tourists.
"
White_Monastery,"- Question: A Coptic family from Cairo is planning a pilgrimage to a significant religious site in Upper Egypt to honor a revered saint known for his strict discipline, literary contributions, and social advocacy. They seek a location that embodies early Coptic monastic ideals, devoid of excessive ornamentation, and historically served as a protective center for surrounding communities. Which site are they most likely to visit? Options: (A) A monastery known for its intricate mosaics and gilded icons. (B) A secluded hermitage nestled high in the cliffs of the Eastern Desert. (C) A prominent, austere white structure standing on the flat desert plain. (D) A modern cathedral in a bustling urban center.
- Answer: (C) A prominent, austere white structure standing on the flat desert plain.
- Reason: The question describes characteristics directly associated with the White Monastery: its location on the desert plain, its austere architecture, and its historical importance as a center of Coptic monasticism tied to Saint Shenoute (known for his discipline and writings). Option C is the only one that reflects these specific attributes, leading to the correct answer.
"
Antoniadis_Palace,"- Question: A newlywed couple, deeply inspired by Alexandria's history and looking for a unique backdrop for their wedding photos, specifically want a location that blends European architectural elegance with the lushness of Egyptian gardens. Which location would best fulfill their vision? Options: (A) A modern hotel ballroom in downtown Cairo (B) A traditional Nubian village along the Nile (C) An estate featuring statues of Greek mythological figures within expansive, diverse gardens (D) A desert oasis resort with Bedouin tents
- Answer: (C) An estate featuring statues of Greek mythological figures within expansive, diverse gardens
- Reason: The scenario describes a desire for a location that blends European architectural elegance with Egyptian gardens, aligning with the description of Antoniadis Palace, which features statues of Greek mythological figures in its expansive and diverse gardens, showcasing a unique blend of European and Egyptian influences.
"
Mosque_of_Qanibay_al-Rammah,"- Question: A local Cairene family wishes to pay respects to their ancestors buried in the Southern Cemetery. Considering the historical context of structures like the one in the image, which activity would be considered most respectful and culturally appropriate upon visiting a similar site? Options: (A) Hosting a large, boisterous celebration with music and dancing. (B) Engaging in quiet reflection, prayer, and reciting verses from the Quran. (C) Leaving modern, mass-produced trinkets as offerings. (D) Taking selfies and posting them on social media without regard for the solemnity of the space.
- Answer: (B) Engaging in quiet reflection, prayer, and reciting verses from the Quran.
- Reason: The mosque in the image is located in the Southern Cemetery, also known as the City of the Dead, which emphasizes the cultural significance of remembrance and respect for the deceased. Quiet reflection, prayer, and Quran recitation are activities aligned with this cultural context and demonstrate reverence for the ancestors and the sanctity of the site.
"
Muhammad_Ali_Mosque,"- Question: A high-ranking Egyptian government official is hosting a visiting delegation from Turkey to strengthen diplomatic ties. Considering the historical context and architectural style, which of the following venues would be most suitable for a formal dinner intended to symbolize the complex historical relationship between the two nations, while subtly acknowledging Egypt's period of modernization under Ottoman influence? Options: (A) A modern restaurant overlooking the Nile (B) A traditional Egyptian tent in the desert (C) A banquet hall within the Citadel, styled with Ottoman architectural elements (D) A cruise ship dinner on the Red Sea.
- Answer: (C) A banquet hall within the Citadel, styled with Ottoman architectural elements
- Reason: Hosting the dinner in a banquet hall with Ottoman architectural elements within the Citadel acknowledges the historical influence of the Ottoman Empire on Egypt while still being located in a significant Egyptian landmark. This choice subtly acknowledges Egypt's period of modernization under Ottoman influence and would symbolize the complex, intertwined history of the two nations in a way that a modern venue or a purely traditional Egyptian setting wouldn't.
"
Mosque_of_Sultan_al-Zahir_Baybars,"- Question: A local artisan wants to create a scale model of a historically significant structure that embodies the strength and ambition of the Mamluk era. Considering that the model will primarily use locally sourced stone, which architectural feature, suggested by the image, would best represent the grand scale and power associated with the structure's original patron?
Options: (A) Intricate marble inlays (B) The vast central courtyard (sahn) (C) A delicately carved wooden minbar (D) Ornate stained glass windows
- Answer: (B) The vast central courtyard (sahn)
- Reason: The vast central courtyard (sahn) is a key feature highlighting the grand scale and imposing presence of the mosque, reflecting the power and ambition of Sultan al-Zahir Baybars, who commissioned it as a symbol of his reign and the Mamluk dynasty.
"
Aswan_Botanical_Garden,"- Question: A newlywed couple from Cairo is seeking a unique location for their wedding photoshoot, desiring a backdrop that represents both historical significance and serene beauty, away from the bustling city. Considering the origins of the site depicted in the image, which aspect of its historical context would most resonate with their desire for a blend of history and tranquility?
    Options: (A) Its role as a former source of ammunition during the early 20th century. (B) Its establishment as a royal palace during the reign of King Farouk. (C) Its transformation into a lush garden by a prominent British figure. (D) Its use as a military training ground for the Egyptian army.
- Answer: (C) Its transformation into a lush garden by a prominent British figure.
- Reason: The transformation of the island into a botanical garden by Lord Kitchener represents a deliberate act of creating beauty and tranquility, aligning with the couple's desire for a serene and historically significant location. This aspect highlights a period of historical influence that resulted in the creation of a peaceful and aesthetically pleasing environment.
"
Kiosk_of_Qertassi,"- Question: A local artisan, inspired by structures such as the one in the image, wishes to create a modern artwork that celebrates the blend of cultures during the Roman presence in Egypt. Which of the following materials and motifs would best represent this cultural fusion in their artwork? Options: (A) Purely traditional pharaonic symbols and hieroglyphs carved from granite. (B) Byzantine mosaics depicting early Christian saints. (C) A fusion of Roman architectural elements with Egyptian religious iconography using sandstone. (D) Islamic calligraphy on a marble tablet.
- Answer: (C) A fusion of Roman architectural elements with Egyptian religious iconography using sandstone.
- Reason: The image shows a Roman-era structure located in Egypt. The Kiosk blends Roman architectural styles with Egyptian influences. Using sandstone, the material of the kiosk, and fusing Roman elements with Egyptian religious iconography would best represent the historical and cultural context of the image. Options A, B, and D represent singular cultures or later time periods and are not relevant to the blending of cultures represented.
"
Saqqara,"- Question: An Egyptian family wishes to honor their recently departed patriarch by commissioning a tomb that reflects his high status as a respected physician and scholar during the Old Kingdom period. Drawing from the architectural and decorative traditions prevalent in the area shown in the image, which of the following features would MOST appropriately symbolize his contributions and ensure his well-being in the afterlife? Options: (A) A simple, unmarked grave to reflect humility. (B) A colossal statue depicting him as a warrior leading troops. (C) A mastaba-style tomb adorned with scenes of daily life, healing practices, and depictions of Imhotep. (D) A pyramid constructed entirely of mud brick.
- Answer: (C) A mastaba-style tomb adorned with scenes of daily life, healing practices, and depictions of Imhotep.
- Reason: Given the image represents the Saqqara necropolis and the context of the Old Kingdom, a mastaba-style tomb is the most historically accurate and culturally appropriate choice. Adorning the tomb with scenes of daily life and healing practices, along with depictions of Imhotep (the revered physician and architect), directly symbolizes his profession and ensures his spirit's comfort and status in the afterlife. Options A and D don't reflect his status. Option B would be more typical for a Pharaoh or Military general rather than a physician.
"
Edfu_Temple,"- Question: A local artisan is crafting souvenirs inspired by the structure in the image for tourists visiting the region. Which of the following themes would be most authentically representative of the historical and cultural significance to incorporate into their designs?
    Options: (A) Depictions of gladiatorial combat and Roman emperors (B) Scenes from the lives of Greek philosophers like Plato and Aristotle (C) Relief carvings illustrating the myth of Horus and Set (D) Illustrations of early Christian monastic life in the desert
- Answer: (C) Relief carvings illustrating the myth of Horus and Set
- Reason: The structure in the image is the Temple of Horus at Edfu. The walls of Edfu Temple are adorned with depictions of the myth of Horus and Set, which represents the conflict between order and chaos in Egyptian mythology. Therefore, incorporating these carvings into the artisan's souvenirs would be the most authentically representative theme.
"
Mortuary_Temple_of_Thutmosis_III,"- Question: An Egyptian Pharaoh wishes to construct a mortuary temple to solidify his divine authority. Knowing the tradition of situating such temples in the Theban Necropolis, what design choice would best emphasize his connection to the gods and the land, as seen in the image?
    Options: (A) A pyramid-shaped structure to symbolize the sun god Ra. (B) A colonnaded structure that closely resembles the adjacent temple. (C) A terraced platform built partially against the cliff face. (D) A temple with a central obelisk dedicated to the Pharaoh.
- Answer: (C) A terraced platform built partially against the cliff face.
- Reason: The image showcases a temple built as a terraced platform partially against the cliff face. This architectural design mirrors the surrounding natural landscape and symbolizes a strong connection between the pharaoh, the land, and the divine realm.
"
Qurnet_Murai,"- Question: A local artisan family in Luxor has been creating replicas of ancient Egyptian artwork for generations. Given the historical and cultural context of the area depicted in the image, what subject matter would be MOST appropriate for their work if they aim to authentically reflect the beliefs and aspirations of the New Kingdom elite? Options: (A) Scenes of chariot races and military victories celebrating the Pharaoh's power on the battlefield (B) Detailed depictions of daily life, religious rituals, and the journey to the afterlife featuring offerings and interactions with deities (C) Abstract geometric patterns inspired by desert landscapes and celestial events, focusing on artistic expression (D) Portraits of modern Egyptian leaders and scenes of contemporary Egyptian life, appealing to current trends
- Answer: (B) Detailed depictions of daily life, religious rituals, and the journey to the afterlife featuring offerings and interactions with deities
- Reason: The image depicts a location known for tombs of New Kingdom officials filled with artwork showcasing daily life, religious rituals, and the afterlife journey. Therefore, (B) accurately represents the authentic subject matter reflecting the beliefs and aspirations of the New Kingdom elite, as these were central themes in the tomb decorations.
"
Paromeos_Monastery,"- Question: A Coptic family is planning a multi-day journey to a remote monastic site in the Egyptian desert. Considering the historical context and the location of the monastery, which preparation is most crucial for ensuring their safety and well-being during the visit? Options: (A) Bringing ingredients for making traditional Coptic bread (B) Packing lightweight clothing suitable for desert hiking (C) Arranging for armed escorts and carrying ample water supplies (D) Studying ancient Greek to understand religious texts.
- Answer: (C) Arranging for armed escorts and carrying ample water supplies
- Reason: The Paromeos Monastery is located in a remote and historically vulnerable desert area (Wadi El Natrun), emphasizing the crucial need for safety precautions. Given the history of attacks by Berber tribes, arranging for armed escorts and ensuring a sufficient supply of water for the desert environment would be most important for the family's well-being during their pilgrimage.
"
Pyramid_of_Teti,"- Question: An archaeologist discovers ancient texts within a structure similar to the one in the image. These texts detail rituals intended to aid the deceased ruler's journey to the afterlife. Understanding the era's social changes, what does the wider dissemination of these religious texts suggest about the evolving role of the pharaoh during the period the structure was built? Options: (A) The pharaoh's divine status became more exclusive and inaccessible to commoners. (B) Access to religious knowledge became more democratized, implying a shared spiritual path. (C) The pharaoh's temporal power increased, allowing control over religious doctrines. (D) The pharaoh’s connection to the gods diminished, replaced by a focus on secular governance.
- Answer: (B) Access to religious knowledge became more democratized, implying a shared spiritual path.
- Reason: The presence of Pyramid Texts within the structure suggests a shift towards broader access to religious knowledge, indicating that the pharaoh’s afterlife journey, once exclusive, was now being shared more widely, reflecting social and religious changes during the 6th Dynasty.
"
Pyramid_of_Ameni_Qemau,"- Question: Imagine a local artisan in the region depicted by the image is creating a small-scale model of a pharaoh's tomb for a tourist shop. Considering the historical context and materials available during that period, which building material would the artisan most likely use for the model? Options: (A) Finely polished granite blocks (B) Mud bricks and plaster (C) Reinforced concrete (D) Steel and glass
- Answer: (B) Mud bricks and plaster
- Reason: The provided introduction of Pyramid_of_Ameni_Qemau indicates that the pyramid's core was primarily constructed from mud brick due to resource constraints and a decline in the quality of stone masonry during the Second Intermediate Period. Therefore, a local artisan creating a model reflecting that era would realistically use mud bricks and plaster.
"
Mosque_of_Ibn_Tulun,"- Question: A local artisan wants to create a miniature replica of a historically significant building to sell in his shop. He wants the replica to represent architectural innovation that predates similar designs in Europe. Considering its cultural and historical importance, and without showing the replica of the building directly to the tourists, which feature of the replica would most effectively convey the message of early architectural ingenuity to potential customers? Options: (A) The large dome (B) The mosaic tile patterns (C) The pointed arches (D) The elaborate minbar (pulpit)
- Answer: (C) The pointed arches
- Reason: The Mosque of Ibn Tulun is noted for its early use of pointed arches, which predate their widespread adoption in Gothic architecture in Europe. This makes the pointed arch the most effective feature to highlight the building's architectural innovation.
"
Red_Monastery,"- Question: A scholar specializing in early Christian art visits a religious site built with distinctive red bricks. During their visit, they are particularly interested in understanding the artistic influences that shaped the vibrant mural paintings inside. Considering the geographical location of the site and the historical interactions of early Egyptian Christians, which artistic tradition is most likely to have significantly influenced these murals, beyond local Coptic styles? Options: (A) Viking Art (B) Roman Art (C) Buddhist Art (D) Polynesian Art
- Answer: (B) Roman Art
- Reason: The Red Monastery is located in Egypt, which was once part of the Roman Empire. Early Egyptian Christians, including those who created the murals within the monastery, were exposed to Roman artistic styles and techniques. Therefore, Roman art is the most likely foreign artistic tradition to have influenced the murals.
"
Aqsunqur_Mosque,"- Question: A group of architecture students is on a field trip, studying the integration of different artistic influences in a historical building. They notice the distinctive blue tiles, a feature uncommon in local structures. Considering the regional history, which empire's influence is most likely responsible for the introduction of these unique tiles in the building shown in the image? Options: (A) The Roman Empire (B) The Persian Empire (C) The Ottoman Empire (D) The Byzantine Empire
- Answer: (C) The Ottoman Empire
- Reason: The introduction states that Ibrahim Agha al-Mustahfizan, an Ottoman amir, introduced the Iznik tiles from Turkey, giving the mosque its characteristic blue hue and representing a significant Ottoman influence.
"
Pyramid_of_Nyuserre_Ini,"- Question: Imagine an archaeological team discovers that a neighboring pharaoh abruptly ceased construction on his pyramid. The new pharaoh then re-purposes the unfinished causeway and valley temple from the initial design and re-directs these to their own nearby, smaller pyramid. What might this action most likely signify beyond mere practicality? Options: (A) A dedication to the previous pharaoh’s memory despite interrupted works. (B) A demonstration of superior engineering skills by correcting the initial design flaws. (C) An assertion of power and legitimacy by co-opting a predecessor's incomplete project. (D) A purely economic decision to minimize construction costs in a time of famine.
- Answer: (C) An assertion of power and legitimacy by co-opting a predecessor's incomplete project.
- Reason: The re-purposing of the unfinished causeway and valley temple can be seen as an act of claiming or associating with the previous pharaoh’s reign to legitimize their own rule, rather than simple practicality or respect. It is an assertion of power, indicating a competitive dynamic and the importance of associating oneself with a predecessor, even if only through co-opting their works.
"
Coloured_Canyon,"- Question: A local Bedouin guide is leading a group of tourists through a narrow, winding passage. They pause for a moment, and the guide points to the canyon walls. Based on the image, what is the most likely reason the guide explains that these formations are so important to the Bedouin culture? Options: (A) The walls contain ancient hieroglyphics that tell the history of the Bedouin people. (B) The walls are made of a special stone that is used to build Bedouin tents. (C) The canyon provides a sheltered route for traversing the harsh desert terrain. (D) The canyon walls are believed to have medicinal properties that can cure diseases.
- Answer: (C) The canyon provides a sheltered route for traversing the harsh desert terrain.
- Reason: The introduction states that the canyon has been used by Bedouin tribes for centuries as a sheltered route, providing protection from the elements while traversing the desert. This aligns with the image of a remote, rugged landscape and the narrow passageways of the canyon, suggesting a practical rather than religious or medicinal significance.
"
Borg_El_Arab_Stadium,"- Question: During a crucial World Cup qualifying match held in the location depicted, local fans displayed a massive mosaic across the stands before kickoff. This pre-game spectacle aimed to invigorate the national team and intimidate the visiting squad. What key cultural value does this elaborate display primarily represent? Options: (A) Emphasis on individual athletic achievement (B) Prioritization of commercial partnerships (C) Expression of unified national identity and passion for football (D) Promotion of historical tourism
- Answer: (C) Expression of unified national identity and passion for football
- Reason: The massive mosaic, a coordinated display by the fans, signifies a collective expression of national pride and immense passion for football, common traits of Egyptian sport culture. It is aimed at both supporting the home team and creating a formidable atmosphere, showcasing a unified national identity.
"
Egyptian_Geological_Museum,"- Question: A group of elementary school students from a rural village are visiting Cairo for the first time on a school trip. Knowing that their village’s economy heavily relies on quarrying limestone, which location shown in the image would most likely spark their curiosity and provide the most relevant educational experience related to their hometown's primary industry?
    Options: (A) A traditional Egyptian bazaar (B) A modern shopping mall (C) A geological museum (D) A historical library
- Answer: (C) A geological museum
- Reason: Given the image is of the Egyptian Geological Museum, and the students come from a village heavily involved in quarrying limestone, the museum would directly relate to their experience with rocks and minerals. This provides a more relevant and engaging educational experience compared to options like a bazaar, mall, or library. The museum allows them to see limestone in a broader geological context and learn more about its formation and uses, connecting their local industry to wider scientific understanding.
"
"El-Ma'eini_mosque,_Dumyat","- Question: A local family in Damietta is preparing for Eid al-Adha. Following tradition, they plan to offer a significant portion of the sacrificed animal to those in need. Considering the cultural and communal role of the structure in the image, where would they most likely distribute this offering to ensure it reaches the most deserving families within their community?
Options: (A) At the local fishing port (B) Inside a prominent government building (C) In the open courtyard associated with the building in the image (D) At the largest marketplace in the city
- Answer: (C) In the open courtyard associated with the building in the image
- Reason: Mosques in Egypt, particularly those with historical significance like the one in the image, often serve as community hubs. Distributing alms and offerings within the mosque's courtyard (sahn) during religious festivals like Eid al-Adha is a common practice, ensuring the donations reach needy families within the community through a trusted and central location.
"
Pyramid_of_Khentkaus_II,"- Question: A modern Egyptian museum is hosting an exhibit focused on powerful women in ancient Egyptian history. To best represent the era and societal roles associated with the individual linked to the structure in the image, which display would be most appropriate? Options: (A) A recreation of a bustling marketplace, showcasing women's roles in trade and commerce. (B) A replica of a royal garden, highlighting the beauty and leisure enjoyed by noblewomen. (C) A model of a mortuary temple featuring inscriptions denoting royal titles and authority, alongside funerary artifacts. (D) A depiction of a military camp, emphasizing women's roles as protectors and strategists.
- Answer: (C) A model of a mortuary temple featuring inscriptions denoting royal titles and authority, alongside funerary artifacts.
- Reason: The individual associated with the structure in the image was a queen who held significant power and influence. Displaying a mortuary temple with royal titles and funerary artifacts best represents her status and the religious practices associated with her era, reflecting her role in ancient Egyptian society.
"
Saint_Mark_Coptic_Orthodox_Church_(Heliopolis),"- Question: A newly arrived Coptic family moving into the Heliopolis district seeks to integrate into the local community. Which activity hosted at the building in the image would be the most appropriate starting point for them to connect with other members of their faith and learn more about local traditions? Options: (A) Attending a historical tour of Heliopolis's ancient ruins (B) Participating in a religious education program held at the church (C) Joining a modern art exhibition showcasing local artists (D) Volunteering at a secular community service event organized by a local NGO
- Answer: (B) Participating in a religious education program held at the church
- Reason: Religious education programs offered at the church would provide the family with an opportunity to learn about Coptic traditions, meet other members of the faith, and establish connections within their community, helping them integrate into the local Coptic Orthodox community.
"
Cairo_Opera_House,"- Question: An Egyptian family is planning an evening to celebrate their daughter's graduation, who has always dreamed of becoming a professional ballerina. Considering the cultural significance of the venue depicted in the image, which type of performance would be most fitting for this celebratory occasion, reflecting both the daughter's passion and the venue's artistic offerings? Options: (A) A performance of traditional Sufi whirling dance. (B) A contemporary pop concert featuring local artists. (C) A classical ballet performance, such as Swan Lake. (D) A modern Egyptian play with political undertones.
- Answer: (C) A classical ballet performance, such as Swan Lake.
- Reason: The image depicts the Cairo Opera House, a prominent venue for opera, ballet, and classical music. Given the daughter's aspiration to be a ballerina and the venue's focus on classical arts, a ballet performance would be the most appropriate choice, aligning with both her passion and the Opera House's artistic offerings.
"
Deir_el-Qadisa_Damyana,"- Question: A woman from a rural village in the Nile Delta has been trying to conceive for many years without success. Based on the image, which action is she most likely to take in hopes of receiving a blessing? Options: (A) Consult a local physician specializing in reproductive health. (B) Offer a substantial donation to a newly built school in her village. (C) Embark on a pilgrimage to a significant religious site within the Nile Delta region. (D) Seek advice from a traditional herbalist known for remedies using local plants.
- Answer: (C) Embark on a pilgrimage to a significant religious site within the Nile Delta region.
- Reason: Given the image and knowledge, it is a Coptic Orthodox monastery (Deir el-Qadisa Damyana) located in the Nile Delta, known as a pilgrimage destination, particularly for women seeking blessings related to fertility. Therefore, the woman is most likely to take a pilgrimage to the monastery.
"
"Nubia_Museum,_Aswan","- Question: A cultural heritage preservation group is organizing a visit to the location depicted in the image for a group of Nubian descendants. What aspect of the site will MOST likely resonate with the visitors' desire to reconnect with their ancestral roots and promote cultural pride?
Options: (A) The modern art installations within the indoor galleries. (B) The replicated traditional Nubian houses and gardens filled with indigenous flora. (C) The extensive collection of ancient Egyptian artifacts found on the site. (D) The architectural design of the building showcasing European influences.
- Answer: (B) The replicated traditional Nubian houses and gardens filled with indigenous flora.
- Reason: The reconstructed Nubian houses and gardens would provide a direct, tangible link to the traditional Nubian way of life, fostering a sense of belonging and cultural pride among Nubian descendants. The focus on indigenous flora further emphasizes the connection to the land and heritage.
"
WV22,"- Question: A high-ranking priest is tasked with ensuring the pharaoh's successful journey to the afterlife. Based on the tomb's architecture and the beliefs of the time, which of the following actions would be most crucial to perform within the tomb's innermost chamber? Options: (A) Leaving offerings of food and drink for the pharaoh's sustenance. (B) Anointing the walls with perfumes to purify the space. (C) Performing rituals to protect the pharaoh's body and spirit from malevolent forces. (D) Inscribing the pharaoh's name on every surface to ensure lasting fame.
- Answer: (C) Performing rituals to protect the pharaoh's body and spirit from malevolent forces.
- Reason: The tomb served as the pharaoh's final resting place and was intended to ensure his successful transition to the afterlife. The most critical action would be performing rituals to protect the pharaoh's body and spirit, as this directly relates to the tomb's function in facilitating the pharaoh's journey to immortality and safeguarding him against dangers in the afterlife.
"
Shepheard's_Hotel,"- Question: Imagine it's the late 1940s, and a British archaeologist is celebrating a significant discovery in the Valley of the Kings. To mark the occasion, he wishes to host a grand party that reflects both the sophistication of European culture and the exotic allure of Egypt. Considering the historical context, where would he most likely choose to host this celebration?
Options: (A) A traditional Egyptian coffee house in Islamic Cairo. (B) The British Embassy in Cairo. (C) A lavish, internationally renowned hotel with grand ballrooms and gardens. (D) A private expedition camp near the excavation site.
- Answer: (C) A lavish, internationally renowned hotel with grand ballrooms and gardens.
- Reason: During the colonial era, a British archaeologist seeking to combine European sophistication with Egyptian allure for a grand celebration would most likely choose a luxurious, internationally known hotel like Shepheard's. These hotels were cultural hubs that blended European elegance with the exotic atmosphere of Egypt, offering grand spaces suitable for such an occasion.
"
Ahmed_Shawki_Museum,"- Question: An educational trip is planned for a group of young Egyptian students to deepen their understanding of national identity and pride through literature. Considering the location's historical and cultural context, which aspect of the building shown in the image is most likely to be emphasized to connect the students with Egypt's rich heritage and the values it represents? Options: (A) The European architectural influences (B) The display of personal writing instruments (C) The serene gardens overlooking the Nile (D) The collection of awards received by the owner.
- Answer: (C) The serene gardens overlooking the Nile
- Reason: The Nile River holds immense cultural significance in Egypt, symbolizing life, continuity, and the nation's historical roots. Emphasizing the gardens overlooking the Nile connects the students to this powerful symbol and highlights the inspiration the river provided to a figure celebrated for contributing to Egyptian national identity and pride.
"
Pyramid_of_Ahmose,"- Question: An Egyptian Pharaoh, having recently driven out foreign invaders and reunited the land, decides to construct a monument. However, unlike previous rulers, the monument is built relatively quickly, mainly from mud bricks, and is situated in a location known for its connection to the afterlife. What might this choice primarily signify about the Pharaoh's reign? Options: (A) A strong desire to emulate the traditions of past dynasties by constructing a grand tomb in the traditional style. (B) A focus on restoring and securing the kingdom, and a need to quickly establish legitimacy and connect with religious traditions amidst ongoing instability, with a cenotaph built for his grandmother. (C) A disinterest in religious affairs, prioritizing practicality and speed over elaborate and costly construction. (D) A complete rejection of traditional pyramid construction methods, favouring innovation and new architectural techniques for his monument.
- Answer: (B) A focus on restoring and securing the kingdom, and a need to quickly establish legitimacy and connect with religious traditions amidst ongoing instability, with a cenotaph built for his grandmother.
- Reason: The choice of location (Abydos and connection to the afterlife), the use of mud bricks, and the quick construction signify a need for the Pharaoh to rapidly consolidate power, legitimize his rule after a period of foreign control, connect to the Osiris religion and show honour to ancestors, and prioritize resources towards rebuilding and securing the kingdom. The cenotaph built for Ahmose's grandmother reinforces this focus on lineage and solidifying his claim.
"
"Greek_Orthodox_Cathedral_of_Evangelismos,_Alexandria","- Question: A Greek family, having lived in Alexandria for generations, decides to host a significant celebration to honor their ancestors who helped build and maintain a prominent religious landmark in their city. What type of traditional art form would most likely be featured during this celebration, reflecting the historical and spiritual significance of the location?
Options: (A) Arabic Calligraphy (B) Byzantine-style Iconography (C) Pharaonic Relief Carvings (D) Islamic Geometric Patterns
- Answer: (B) Byzantine-style Iconography
- Reason: Given the introduction, the landmark is a Greek Orthodox Cathedral built by the Greek community in Alexandria. Byzantine-style Iconography is a key element of Greek Orthodox religious art and would be a fitting tribute reflecting the church's heritage and the family's connection to its construction and preservation.
"
Aswan_Museum,"- Question: A traveler deeply interested in ancient civilizations decides to visit a location to learn about a kingdom that often existed alongside, yet distinct from, Pharaonic Egypt. Upon arriving, they find themselves on an island with the depicted building, and the collection focuses on artifacts that highlight the unique identity of this kingdom, including pottery, statues, and jewelry. What aspect of this location is most likely to resonate with this traveler? Options: (A) The architectural style mirroring temples of Upper Egypt (B) The collection's emphasis on artifacts showcasing Nubian culture (C) The proximity to sites featuring solely Greco-Roman artifacts (D) The modern art installations housed within the building
- Answer: (B) The collection's emphasis on artifacts showcasing Nubian culture
- Reason: The traveler is seeking to learn about a kingdom distinct from Pharaonic Egypt, which is Nubia. The museum's focus on Nubian artifacts would therefore be the most appealing aspect.
"
Collections_of_the_Imhotep_Museum_in_Saqqara,"- Question: A group of tourists visiting the location depicted in the image expresses interest in understanding the significance of funerary practices during the Old Kingdom. Which aspect of the artifacts displayed is most likely to be highlighted by the museum guide to explain the Egyptians' beliefs about the afterlife and their preparations for it? Options: (A) The advanced metalworking techniques used in creating tools and weapons. (B) The intricate details and symbolism of the sarcophagi and burial goods. (C) The architectural innovations demonstrated in the construction of the museum itself. (D) The preserved botanical specimens showcasing ancient Egyptian agriculture.
- Answer: (B) The intricate details and symbolism of the sarcophagi and burial goods.
- Reason: During the Old Kingdom Period, Saqqara served as the main necropolis. Sarcophagi and burial goods are directly related to ancient Egyptian funerary practices and beliefs about the afterlife. Their intricate details and symbolism offer insights into how Egyptians prepared for and envisioned the journey to the next world.
"
Tomb_of_Unknown_Soldier_in_Cairo,"- Question: During a national holiday commemorating the resilience of the Egyptian people and honoring sacrifices made for the nation, which architectural element from the structure shown would most likely be emphasized in patriotic displays to connect modern Egypt with its ancient heritage? Options: (A) The open plaza for public gatherings (B) The modern reinforced concrete material (C) The pyramidal shape reminiscent of ancient monuments (D) The floral wreaths adorning the symbolic tomb
- Answer: (C) The pyramidal shape reminiscent of ancient monuments
- Reason: The pyramidal shape of the monument is a deliberate design choice to connect modern Egyptian identity with its ancient heritage, making it the most fitting element to emphasize during patriotic displays aimed at fostering national pride and remembrance.
"
"El-Bahr_mosque,_Dumyat","- Question: A seasoned sailor, returning to port after a long voyage across the Mediterranean, seeks a place to offer thanks for his safe return and prosperous journey, and to seek blessings for future voyages. Considering local customs and the mosque's significance, which action would be most culturally appropriate upon his arrival near the building shown in the image?
Options: (A) Immediately sharing his profits at a local coffee shop. (B) Performing ablution and offering prayers at the mosque. (C) Hiring a local band to celebrate his return at the harbor. (D) Purchasing goods from the market.
- Answer: (B) Performing ablution and offering prayers at the mosque.
- Reason: Given the context of the image depicting a mosque with historical ties to sailors and the sea in a predominantly Islamic region, it's most culturally appropriate for the sailor to express gratitude and seek blessings by performing ablution and offering prayers at the mosque.
"
"Saints_Sergius_and_Bacchus_Church,_Cairo","- Question: A family is planning a pilgrimage to sites significant to the Holy Family's journey. Understanding regional customs, what specific preparation would be most respectful when visiting a location believed to have sheltered them during their time in Egypt, as seen within the image? Options: (A) Bringing elaborate offerings of gold and jewels. (B) Ensuring modest dress and quiet reverence. (C) Expecting a lavish feast upon arrival. (D) Publicly sharing personal stories without discretion.
- Answer: (B) Ensuring modest dress and quiet reverence.
- Reason: Given the site's deep religious significance as a place believed to have sheltered the Holy Family, modest dress and quiet reverence would be the most respectful way to acknowledge the sacred nature of the location and adhere to general expectations of pilgrims at religious sites.
"
Rhoda_Island,"- Question: A historian is researching ancient methods of taxation and agricultural planning in Egypt. Given the image, which of the following would they LEAST likely consider as a primary source of information related to their research? Options: (A) Records from the Manial Palace Museum detailing royal expenses (B) Data derived from the fluctuations in readings recorded by the Nilometer (C) Contemporary accounts of harvest yields and tax collections in relation to the Nile's water levels (D) Modern-day tourist brochures advertising the beauty of the island
- Answer: (D) Modern-day tourist brochures advertising the beauty of the island
- Reason: Modern tourist brochures primarily focus on the island's aesthetic appeal and amenities for visitors. While they might mention historical landmarks, they wouldn't contain detailed primary source information on ancient taxation methods or agricultural planning, unlike the data from the Nilometer, accounts of harvest yields related to water level, or historical records related to the island.
"
New_Kalabsha,"- Question: A newlywed couple from a Nubian village near Aswan wishes to honor their ancestors and ensure a prosperous future. Which of the following actions, reflecting traditional Nubian customs, would be the most appropriate to perform at the site depicted in the image, given its historical context and cultural significance?
Options: (A) Leaving offerings of dates and milk at the base of the largest temple, symbolizing hospitality and nourishment for the gods and departed spirits. (B) Participating in a symbolic reenactment of a battle scene, highlighting the strength and resilience of the pharaohs of the New Kingdom. (C) Carving their names and wedding date into a stone, mirroring ancient Egyptian practices of marking important events. (D) Releasing doves into the sky, representing peace and harmony between Egypt and Nubia.
- Answer: (A) Leaving offerings of dates and milk at the base of the largest temple, symbolizing hospitality and nourishment for the gods and departed spirits.
- Reason: Given the location's historical ties to Nubian culture (particularly the Temple of Kalabsha's dedication to the Nubian god Mandulis) and the general practice of leaving offerings to deities and ancestors in ancient cultures, leaving dates and milk (common Nubian staples) as offerings aligns most closely with honoring Nubian heritage and seeking blessings.
"
Mosque_of_Sultan_al-Muayyad,"- Question: A local Cairene, knowing the history of the site in the image, seeks spiritual solace after overcoming a period of unjust imprisonment. Which specific act within this location would resonate most deeply with their personal journey and offer a sense of closure and redemption? Options: (A) Studying ancient Arabic texts in the madrasa (B) Contributing to the upkeep of the mosque's exterior walls (C) Praying within the prayer hall, reflecting on transformation (D) Listening to the call to prayer from the minarets atop Bab Zuweila
- Answer: (C) Praying within the prayer hall, reflecting on transformation
- Reason: Given that the mosque was built on the site of a former prison where Sultan al-Muayyad was once incarcerated, praying in the prayer hall would provide the most direct connection to the theme of personal transformation and redemption. This act mirrors the Sultan's own journey and the site's metamorphosis from a place of suffering to one of worship and enlightenment.
"
Egyptian_National_Library,"- Question: An academic researcher, upon discovering a rare, uncatalogued manuscript detailing the construction of the Aswan Dam, seeks access to it for study. Understanding Egyptian cultural norms regarding respect for historical artifacts, which of the following actions is the researcher *most* likely expected to undertake *first* upon arriving at the institution shown in the image? Options: (A) Immediately requesting a private viewing room. (B) Presenting formal credentials and a detailed research proposal to the head librarian. (C) Offering a monetary donation to the library's restoration fund. (D) Engaging in a casual conversation with a staff member to establish rapport.
- Answer: (B) Presenting formal credentials and a detailed research proposal to the head librarian.
- Reason: In Egypt, particularly within academic and cultural institutions, formal procedures and respect for authority are highly valued. Presenting credentials and a research proposal demonstrates respect for the institution and the importance of the manuscript, increasing the likelihood of access. While donations are appreciated and rapport-building can be helpful, they are not the primary or most appropriate first step in a formal academic setting.
"
Pyramid_of_Amenemhat_I,"- Question: An archaeologist discovers that the structure in the image contains materials repurposed from older sites. What does this choice in building materials most likely signify about the leader who commissioned this structure?
Options: (A) A desire to demonstrate superior craftsmanship by improving upon old methods. (B) A focus on practicality and resourcefulness due to limited availability of new materials. (C) An intent to establish legitimacy and connection to a previous golden age. (D) A lack of respect for previous rulers, using their structures simply for convenience.
- Answer: (C) An intent to establish legitimacy and connection to a previous golden age.
- Reason: Reusing materials, especially from significant historical structures, suggests a deliberate attempt to associate the new structure and its commissioner with the prestige and authority of the past. This helps legitimize their rule, especially if they came to power through unconventional means.
"
Sulayman_Pasha_Mosque,"- Question: A group of architectural historians is visiting Cairo to study the evolution of mosque design in Egypt. They are particularly interested in understanding how different empires and dynasties influenced the architectural landscape. Given their focus on identifying buildings that showcase foreign influence, which of the following features, if observed in the building depicted in the image, would they most likely highlight as evidence of this influence?
Options: (A) The use of local limestone in construction (B) The presence of geometric patterns in the interior design (C) A tall, slender, pencil-shaped minaret (D) The presence of an open courtyard for ablutions.
- Answer: (C) A tall, slender, pencil-shaped minaret
- Reason: The tall, slender, pencil-shaped minaret is a hallmark of Ottoman architecture. The historians are looking for signs of foreign influence. The Sulayman Pasha Mosque is an Ottoman mosque in Cairo, so elements unique to Ottoman architecture, like the minaret described, would be the most telling sign of that influence.
"
Wadi_Hammamat,"- Question: A group of archaeologists is studying ancient quarries and trade routes in a remote desert region of Egypt, hoping to understand the logistics and societal impact of large-scale stone extraction during the Pharaonic era. Based on the image, what natural resource, beyond stone itself, would the archaeologists most likely need to investigate to understand the primary logistical challenge faced by ancient expeditions in this area?
Options: (A) Fertile agricultural land for food supply (B) Readily available sources of fresh water (C) Abundant timber for construction (D) Natural harbors for maritime transport
- Answer: (B) Readily available sources of fresh water
- Reason: The image depicts a desert environment. Wadi Hammamat is located in a dry, desert region between the Nile and the Red Sea. The primary logistical challenge for any large-scale expedition in such an area would be securing a reliable source of fresh water for the workers and animals involved in quarrying and transporting materials. Options A, C, and D are less relevant because the image doesn't depict agricultural potential, forests, or coastal features.
"
Al-Ghuri_Complex,"- Question: A local merchant is seeking a secure and strategically located space to store and trade valuable goods within the historic district. Drawing from traditional practices of the era of the complex in the image, which type of establishment would best suit his needs, providing both storage facilities and opportunities for commercial exchange? Options: (A) A traditional bathhouse (Hammam) (B) A Sufi monastery (Khanqah) (C) A caravanserai (Wikala) (D) A religious school (Madrassa)
- Answer: (C) A caravanserai (Wikala)
- Reason: Wikalas were designed as commercial hubs, providing secure storage and facilitating trade within a central courtyard surrounded by shops and storehouses, aligning with the merchant's needs for security and commercial activity.
"
Mahmoud_Khalil_Museum,"- Question: An affluent Egyptian family, known for their appreciation of European art, is hosting a private event to honor a visiting French diplomat in a location like the one depicted in the image. Which activity would most appropriately reflect the family's refined taste and cultural interests during the reception? Options: (A) A performance of traditional Egyptian folk music (B) A display of ancient Egyptian artifacts (C) An exhibition of Impressionist and Post-Impressionist paintings (D) A showcase of modern Egyptian sculpture
- Answer: (C) An exhibition of Impressionist and Post-Impressionist paintings
- Reason: Given the image is of the Mahmoud Khalil Museum, which houses a significant collection of Impressionist and Post-Impressionist paintings, showcasing such works would best align with the family's known appreciation of European art and befit the refined atmosphere suitable for honoring a French diplomat.
"
Petrified_Forest_near_Maadi,"- Question: A newlywed couple, seeking a unique backdrop for their wedding photoshoot in Egypt, desires a location that subtly nods to themes of enduring love and ancient history, while avoiding overtly pharaonic symbols. Considering the image, which type of symbolic activity would align best with the location's subtle message?
    Options: (A) Planting a palm tree sapling to represent new beginnings. (B) Releasing homing pigeons to symbolize their journey together. (C) Exchanging vows near the largest visible petrified log, symbolizing timeless commitment. (D) Pouring sand from their hometowns into a single vessel, representing unity.
- Answer: (C) Exchanging vows near the largest visible petrified log, symbolizing timeless commitment.
- Reason: The Petrified Forest near Maadi is characterized by petrified wood dating back millions of years. Exchanging vows near the largest visible petrified log symbolizes a timeless commitment, aligning with the themes of enduring love and ancient history, without directly invoking pharaonic symbols. The petrified wood itself represents transformation and longevity, adding a layer of meaning to the couple's vows.
"
Hatem_Mosque,"Since I cannot find any information about ""Hatem_Mosque"" I will generate a fictional introduction and then create the scenario-based question.

**Fictional Introduction of Hatem Mosque:**

The Hatem Mosque, located in a bustling district of Cairo, Egypt, is renowned for its unique architectural blend of traditional Islamic design and modern aesthetics. Constructed in the late 20th century by a local philanthropist named Hatem, after whom the mosque is named, it stands as a symbol of community unity and devotion. Its distinctive features include a towering minaret adorned with intricate geometric patterns, a spacious courtyard with a central fountain, and an interior decorated with vibrant stained glass windows depicting scenes from Islamic history. The mosque is not only a place of worship but also a community center, hosting various social and educational activities, including religious classes, charity events, and cultural festivals. It is particularly known for its annual Ramadan celebrations, which attract thousands of worshippers and visitors from across the region. Legend has it that the site where the mosque stands was once a meeting place for Sufi mystics, adding to its spiritual significance.

**Image:** (Assume the image is available and shows a mosque with a blend of modern and traditional Islamic architecture, a tall minaret, and a busy urban setting around it.)

- Question: During Ramadan, a large iftar (breaking of the fast) gathering is being planned at the mosque shown in the image. Given the mosque's prominent role in the local community and the expected attendance, which aspect of the preparations would likely receive the most attention from the mosque's administration to ensure a smooth and inclusive event? Options: (A) Selection of exotic dishes for the iftar meal (B) Ensuring ample parking space for attendees (C) Provision of separate prayer areas for different Islamic sects (D) Arrangement of sufficient seating and facilities for women and families
- Answer: (D) Arrangement of sufficient seating and facilities for women and families
- Reason: Mosques in Egypt, especially those known as community hubs, prioritize inclusivity, particularly during Ramadan. Ensuring adequate space and facilities for women and families to comfortably participate in prayers and break the fast is a culturally sensitive and important consideration. Options A and B are general logistical considerations, while option C is unlikely due to the emphasis on unity within the community.
"
Al-Nur_Mosque,"- Question: A group of architecture students is studying the integration of modern design principles within religious buildings in Cairo. Considering the era of its construction and its purpose as a symbol of a modernizing nation, which aspect of this building, as depicted in the image, would be most relevant to their study?
Options: (A) The intricate geometric patterns adorning the walls. (B) The presence of ancient Pharaonic inscriptions. (C) The streamlined design incorporating contemporary materials and construction techniques. (D) The use of calligraphy referencing historical Islamic empires.
- Answer: (C) The streamlined design incorporating contemporary materials and construction techniques.
- Reason: The Al-Nur Mosque was built in the mid-20th century as a symbol of modern Egypt. Therefore, its streamlined design and use of modern materials are more relevant to a study of modern architectural integration in religious buildings than traditional artistic elements or historical references.
"
Alexandria_National_Museum,"- Question: A wealthy Egyptian family, known for their European tastes and strong ties to the Mediterranean port city depicted through the architecture hinted at within this collection, would most likely have hosted gatherings in a building with design elements similar to what aspect of this museum's building? Options: (A) Hieroglyphic inscriptions (B) Elaborate stucco work and marble floors (C) Exhibits focused solely on Pharaonic artifacts (D) Displays dedicated to desert landscapes
- Answer: (B) Elaborate stucco work and marble floors
- Reason: The Alexandria National Museum is housed in a restored Italian-style palace. A wealthy Egyptian family with European tastes would likely have favored a residence with design elements reminiscent of European architecture, such as elaborate stucco work and marble floors, which align with the style of the palace.
"
Alexandria_Stadium,"- Question: A local Alexandrian family is sharing stories with their grandchildren about attending football matches in their youth. They describe a stadium known for its intimate atmosphere and historical significance, located near the city's port. Which aspect of experiencing a match at this stadium is most likely emphasized in their nostalgic recollections? Options: (A) The advanced technology and modern amenities (B) The feeling of being close to the players and the passionate local fans (C) The stadium's capacity to host large international tournaments (D) The ease of access to the stadium via high-speed rail
- Answer: (B) The feeling of being close to the players and the passionate local fans
- Reason: The original Alexandria Stadium is known for its intimate atmosphere and historical significance. The smaller size and central location, as opposed to the newer Borg El Arab Stadium, fosters a closer connection between the fans and players, creating a more passionate and community-driven experience.
"
"Museum_of_Islamic_Art,_Cairo","- Question: A renowned scholar is researching the evolution of geometric patterns in Islamic art across different dynasties. Considering the historical context of the image, which of the following resources would be most crucial for their initial investigation into this topic? Options: (A) A collection of Persian miniature paintings. (B) A library of European Renaissance art. (C) A comprehensive compilation of artifacts showcasing Islamic art from the 7th to the 19th centuries. (D) A database of ancient Egyptian hieroglyphs.
- Answer: (C) A comprehensive compilation of artifacts showcasing Islamic art from the 7th to the 19th centuries.
- Reason: The Museum depicted in the image is known for its extensive collection spanning various periods and geographical regions within the Islamic world, from the 7th to the 19th centuries, making it an ideal resource for studying the evolution of geometric patterns in Islamic art.
"
Tomb_of_Hetepheres,"- Question: An archaeologist discovers a hidden chamber containing disassembled gilded furniture, an empty sarcophagus, and canopic jars. Considering the cultural practices of the era depicted, what might be the most plausible reason for the absence of a body within the sarcophagus?
Options: (A) A common practice to protect the body from being stolen.
(B) It's a common way to worship the deceased.
(C) The body had been previously moved due to tomb robbery or relocation efforts.
(D) The sarcophagus was meant for animals rather than humans.
- Answer: (C) The body had been previously moved due to tomb robbery or relocation efforts.
- Reason: The introduction indicates that the most accepted theory is that the tomb may have been a reburial site, and the original burial site was disturbed. The body would have been previously moved due to tomb robbery or some other unknown reason.
"
Syrian_Monastery,"- Question: A group of scholars is seeking access to ancient religious texts for translation and comparative theological studies. Considering the location and historical role reflected in the image, which specific resource within this site would be of paramount interest to them?
Options: (A) The defensive walls (B) The monastic cells (C) The library (D) The Well of the Martyrs
- Answer: (C) The library
- Reason: Given the historical context of the Syrian Monastery as a center of learning and its renowned collection of ancient manuscripts in Syriac, Coptic, Arabic, and Greek, the library would be the most valuable resource for scholars seeking ancient religious texts for translation and comparative theological studies. The other options are less directly related to the pursuit of ancient texts for scholarly purposes.
"
Port_Said_Lighthouse,"- Question: A family in Port Said is celebrating "" Canal Day "", a local holiday honoring the city's vital role in global trade. They want to hang a meaningful symbol on their front door that represents the city's history and connection to maritime activities. Which of the following would be the MOST culturally relevant choice?
    Options: (A) A model of a modern cargo ship (B) A painting of the Mediterranean Sea (C) A miniature replica of the structure in the image (D) A woven basket filled with dates.
- Answer: (C) A miniature replica of the structure in the image
- Reason: The structure in the image is a symbol of Port Said and its vital role in maritime trade via the Suez Canal. It's a historical landmark and a testament to Egypt's position in global trade, making a replica a culturally relevant symbol for Canal Day celebrations.
"
Emir_Qurqumas_complex,"- Question: A local Cairene family is planning a visit to honor the memory of a deceased relative. Considering the architectural style and historical context suggested by the image, which of the following actions would most likely be considered a culturally appropriate way to pay their respects within the complex?
    Options: (A) Leaving a modern floral arrangement at the entrance. (B) Offering a silent prayer at the mausoleum while dressed modestly. (C) Playing loud music to celebrate the deceased's life. (D) Carving the family's names into the walls of the structure.
- Answer: (B) Offering a silent prayer at the mausoleum while dressed modestly.
- Reason: The complex, being a religious and funerary site, is a place of reverence. Offering a silent prayer, especially within the mausoleum, is a traditional way of honoring the deceased in Islamic culture and aligns with the complex's purpose. Modest attire is also a sign of respect when visiting religious sites. Options A, C, and D are culturally inappropriate: leaving modern floral arrangements is not a traditional custom, playing loud music is disrespectful, and defacing the structure is strictly prohibited.
"
Pyramid_of_Pepi_II,"- Question: A local village elder is telling a story to young children about the reign of a pharaoh associated with the structure in the image. Which of the following themes would most likely be emphasized in the elder's narrative, reflecting a cautionary tale from that era?
Options: (A) The pharaoh's successful military campaigns and territorial expansion, leading to immense wealth.
(B) The pharaoh's piety and devotion to the gods, ensuring prosperity and longevity for the kingdom.
(C) The gradual erosion of the pharaoh's authority due to internal conflicts and economic decline, resulting in societal chaos.
(D) The pharaoh's innovative architectural achievements and advancements in science and technology, bringing about a golden age.
- Answer: (C) The gradual erosion of the pharaoh's authority due to internal conflicts and economic decline, resulting in societal chaos.
- Reason: The image represents the Pyramid of Pepi II, whose reign marked a decline in the Old Kingdom. The pyramid's inferior construction quality and the subsequent First Intermediate Period are indicative of internal strife, economic downturn, and weakened central authority. Therefore, a cautionary tale related to the pyramid would likely focus on these negative aspects rather than positive achievements.
"
Museum_of_Constantine_P._Cavafy,"- Question: A visitor, deeply moved by the poet's reflections on history and identity, wants to experience a similar sense of cultural immersion after leaving the building shown. Based on the cultural context evoked by this location, which activity would most closely align with the poet's own likely pursuits and inspirations in Alexandria? Options: (A) Visiting a modern art gallery showcasing contemporary Egyptian artists (B) Exploring the ancient Egyptian artifacts at the Bibliotheca Alexandrina (C) Attending a performance of traditional Arabic music and dance (D) Taking a guided tour focused on the city's historical Greek quarter and its literary heritage

- Answer: (D) Taking a guided tour focused on the city's historical Greek quarter and its literary heritage
- Reason: The poet's work was deeply influenced by Alexandria's Greek heritage and history. Exploring the historical Greek quarter and focusing on its literary legacy would provide a similar cultural immersion to the environment that inspired his poetry. Options A, B, and C, while culturally relevant to Egypt, do not directly connect with the Greek influence prevalent in the poet's life and work.
"
Lake_Timsah,"- Question: A group of international engineers is visiting the location depicted in the image to discuss potential expansions to a major shipping route. Considering the historical context of this area, what crucial aspect of the landscape must they consider during their planning to minimize disruption and ensure the smooth flow of maritime traffic? Options: (A) The prevalence of ancient ruins requiring archaeological preservation. (B) The area's susceptibility to flash floods and seasonal monsoons. (C) The potential for sediment buildup and the need for continuous dredging. (D) The presence of significant freshwater springs that require careful management.
- Answer: (C) The potential for sediment buildup and the need for continuous dredging.
- Reason: Lake Timsah is an integral part of the Suez Canal system. Due to its location and the nature of canal traffic, sediment buildup is a constant issue, requiring continuous dredging to maintain navigable depths for ships. This factor is crucial for any expansion planning to ensure the shipping route remains efficient and operational.
"
"Cathedral_of_St._Mark,_Alexandria","- Question: During a period of heightened interfaith dialogue, a leader of the Coptic Orthodox Church wishes to present a gift symbolizing the deep historical roots of Christianity in Egypt to a visiting delegation from the Vatican. Considering the image, which artifact or symbolic gesture would most appropriately convey this message of ancient Christian heritage and resilience? Options: (A) A modern painting depicting contemporary Egyptian life (B) A replica of a pharaonic artifact from ancient Egypt (C) A fragment of mosaic from the original church structure where it is believed Saint Mark preached (D) A newly composed musical piece blending Coptic and Western musical traditions
- Answer: (C) A fragment of mosaic from the original church structure where it is believed Saint Mark preached
- Reason: A fragment of mosaic from the original church structure directly connects to the historical roots of Christianity in Egypt, particularly to the tradition that Saint Mark preached there. This choice embodies the enduring legacy of the Coptic Orthodox Church and its resilience through centuries, making it the most fitting symbol for the occasion.
"
Pyramid_of_Baka,"- Question: A team of modern engineers is contracted to complete a similar large-scale but abandoned monument project in the 21st century. Based on historical understanding and the nature of such projects from the era of the structure in the image, which of the following factors would pose the greatest initial logistical challenge? Options: (A) Securing adequate funding from international investors (B) Transporting and precisely placing massive stone blocks (C) Designing a modern internal drainage system (D) Overcoming potential labor disputes and ensuring worker safety
- Answer: (B) Transporting and precisely placing massive stone blocks
- Reason: The image represents an unfinished pyramid that suggests a significant obstacle in its construction, likely related to the transportation and placement of enormous stone blocks. Even with modern engineering, the scale and precision required for such blocks would present a major challenge. While funding, drainage, and labor are important, the sheer physical difficulty of moving and setting the stones would be the most immediate logistical hurdle, mirroring historical challenges.
"
Fatima_Khatun_Mosque,"- Question: A local artisan in the Darb al-Ahmar district is creating a new line of miniature ceramic models of historically significant buildings to sell to tourists. Given the cultural blending prevalent in the early Ottoman period of Egypt, which architectural style combination would be most representative of the building they choose to model based on the image?
Options: (A) Purely Mamluk Style (B) A blend of Mamluk and Ottoman Styles (C) Greco-Roman Style (D) Modern Contemporary Style
- Answer: (B) A blend of Mamluk and Ottoman Styles
- Reason: The image represents a building that reflects the architectural fusion that occurred during the early Ottoman period in Egypt, characterized by a blend of Mamluk and Ottoman styles.
"
Black_Pyramid_of_Amenemhat_III,"- Question: A team of modern architects and engineers is tasked with designing a large-scale monument using locally sourced materials. Considering the challenges faced by similar ancient projects in the region depicted in the image, which of the following strategies would be most crucial for ensuring the long-term stability and integrity of their structure? Options: (A) Utilizing primarily mudbrick for its abundance and ease of construction. (B) Neglecting drainage systems to maintain the natural landscape. (C) Prioritizing a complex internal layout with numerous chambers and passages. (D) Implementing a robust drainage system and comprehensive geological survey to prevent ground subsidence.
- Answer: (D) Implementing a robust drainage system and comprehensive geological survey to prevent ground subsidence.
- Reason: The image depicts a pyramid known for its instability due to poor drainage and ground subsidence issues exacerbated by the use of mudbrick. Therefore, learning from these past failures, the architects should prioritize a robust drainage system and thorough geological surveys to ensure the stability and longevity of their monument.
"
"Gebel_el-Teir,_el-Kharga","- Question: A group of Coptic Christian pilgrims is planning a visit to a historical site deep in the Egyptian desert. Given the image and its historical context, what element would these pilgrims likely prioritize experiencing during their visit?
Options: (A) Participating in a traditional Pharaonic burial ritual. (B) Exploring the Roman military fortifications. (C) Attending a prayer service at an ancient monastery. (D) Studying the geological formations of the landscape for evidence of prehistoric life.
- Answer: (C) Attending a prayer service at an ancient monastery.
- Reason: Gebel el-Teir in Kharga Oasis is historically significant as a refuge for early Christians, particularly known for the Deir el-Izam Monastery. Coptic Christian pilgrims would likely prioritize experiencing the religious and historical significance of the monastery by attending a prayer service.
"
Island_of_Bigeh,"- Question: A local tour guide is explaining to a group of tourists that the location shown in the image was once believed to be a key location for the revival of a significant figure in ancient Egyptian mythology. Which deity is MOST associated with this belief? Options: (A) Ra, the sun god (B) Thoth, the god of wisdom (C) Osiris, god of the afterlife (D) Sobek, the crocodile god
- Answer: (C) Osiris, god of the afterlife
- Reason: According to legend, the location depicted in the image (Island of Bigeh/Philae) was believed to be where Isis found Osiris's heart and resurrected him. Therefore, Osiris is the deity most associated with the revival legend connected to this location.
"
"Giyushi_Mosque,_Cairo","- Question: A traveler, wanting to experience the spiritual and historical context of the structure in the image, seeks a location to reflect and connect with the city's past military significance. Considering the structure's position and original function, which activity aligns with this purpose?
    Options: (A) Joining a guided tour focusing on architectural details. (B) Participating in a historical reenactment of Badr al-Jamali's military campaigns. (C) Spending time in quiet contemplation, observing the panoramic view of Cairo. (D) Attending a lecture on Fatimid-era economic policies within the mosque.
- Answer: (C) Spending time in quiet contemplation, observing the panoramic view of Cairo.
- Reason: The mosque's hilltop location provided a strategic vantage point for military observation. Therefore, quietly contemplating the panoramic view allows for a connection to that past military significance. While the structure is a place of worship and holds architectural and historical value, the best answer connects to its location and former watchtower purpose.
"
Layer_Pyramid,"- Question: A local Bedouin tribe tells a tale of a pharaoh whose reign was abruptly cut short, leading to an abandoned grand project. They claim the structure was meant to be a magnificent symbol of power, but the gods intervened, deeming the pharaoh unworthy. Considering the structures commonly found in the area, which of the following best represents the abandoned project in their story?
    Options: (A) A half-built obelisk with a missing apex. (B) An incomplete mud-brick fortress showing signs of hasty abandonment. (C) A pyramid with a stepped, unfinished core and an elaborate underground system. (D) A series of scattered, unadorned tombs lacking inscriptions.
- Answer: (C) A pyramid with a stepped, unfinished core and an elaborate underground system.
- Reason: The image represents a unique type of pyramid, with a stepped core structure. The Bedouin tale mentions an ""abandoned grand project"" due to the Pharaoh's reign being cut short. This aligns with the description of a stepped, unfinished pyramid which also features an ""elaborate underground system"". Options (A), (B), and (D) do not correspond with the unique structure in the image and do not appropriately match the characteristics as well as the ""abandoned"" nature of the legend.
"
Pyramid_of_Merenre_Nemtyemsaf_I,"- Question: A local artisan wants to create a miniature replica, aiming to capture its historical significance and the pharaoh's intended purpose. Which aspect of the replica should they emphasize to best represent the cultural beliefs surrounding structures like the one in the image?
Options: (A) The elaborate external decorations and vibrant colors (B) The intricate network of internal chambers designed to protect the Pharaoh's treasures (C) The alignment with specific constellations and celestial events (D) The inclusion of a satellite pyramid used for ritualistic purposes.
- Answer: (D) The inclusion of a satellite pyramid used for ritualistic purposes.
- Reason: While the replica could include external elements and chambers, the inclusion of a satellite pyramid is most directly tied to the religious and ritualistic practices associated with the pharaoh's mortuary cult. The satellite pyramid symbolizes a core component of the cultural beliefs and practices of the time.
"
Pyramid_of_Pepi_I,"- Question: An archaeologist discovers inscriptions inside the structure shown in the image. These inscriptions detail rituals and spells intended to ensure the deceased ruler's successful transition into the afterlife. In what context were these specific inscriptions most likely considered valuable and effective? Options: (A) As purely decorative elements intended to impress visitors. (B) As practical guides for everyday life and governance. (C) As powerful tools to influence the journey and fate of the pharaoh in the afterlife. (D) As historical records of the pharaoh's achievements during his reign.
- Answer: (C) As powerful tools to influence the journey and fate of the pharaoh in the afterlife.
- Reason: The Pyramid Texts found within the pyramid were religious spells and rituals believed to aid the pharaoh's transition to the afterlife. They weren't merely decorative or historical records, nor were they meant for practical governance. Their primary purpose was to ensure the pharaoh's successful journey and eternal existence, making them powerful tools in the context of ancient Egyptian religious beliefs about the afterlife.
"
Hurghada_Grand_Aquarium,"- Question: A school is planning a field trip focused on ancient stories and regional geography. Considering the location of the site depicted in the image, which historical narrative most closely aligns with the learning objectives and the area's cultural significance?
    Options: (A) The Legend of Cleopatra's palace in Alexandria (B) The story of Moses parting the Red Sea (C) The construction of the Pyramids of Giza (D) The discovery of Tutankhamun's tomb in Luxor
- Answer: (B) The story of Moses parting the Red Sea
- Reason: The aquarium is located in Hurghada, on the coast of the Red Sea. The biblical narrative of Moses parting the Red Sea is geographically relevant to the region and holds significant cultural and historical weight.
"
KV62,"- Question: A local Luxor family, deeply rooted in the traditions of the West Bank, believes that disturbing the rest of the deceased can bring misfortune. Given the historical context of the structure shown, which action would they most likely consider to be the greatest potential violation of the deceased's peace? Options: (A) Photographing the artifacts inside the tomb. (B) Replicating the tomb's layout for a museum exhibit. (C) Removing items from the tomb for study. (D) Sharing stories about the pharaoh's life.
- Answer: (C) Removing items from the tomb for study.
- Reason: Based on the legend of the ""Curse of the Pharaohs"" and the belief that disturbing the deceased can bring misfortune, removing items from the tomb would be seen as the greatest violation of the deceased's peace. This directly disrupts the tomb and the intended afterlife provisions, aligning with the fears associated with the curse. Photographing, replicating the layout, or sharing stories, while potentially impactful, are less directly intrusive actions.
"
Dra_Abu_el-Naga,"- Question: A local family in Luxor believes that a spirit protects the ancient burial grounds, ensuring respect for the deceased. They perform a specific ritual near the entrance of the burial sites before entering. Which action would be most aligned with showing respect for the spirits and seeking their blessing before entering this area? Options: (A) Playing loud music and dancing to celebrate life (B) Offering a small amount of food and water, and reciting a prayer for the departed (C) Carving their names into the rocks to leave a lasting mark (D) Collecting ancient artifacts to sell to tourists for good luck
- Answer: (B) Offering a small amount of food and water, and reciting a prayer for the departed
- Reason: Offering food and water, accompanied by a prayer for the departed, aligns with traditional Egyptian beliefs regarding honoring ancestors and showing respect for the deceased. This action is a common practice to seek blessings and ensure protection, which is respectful towards the local beliefs about the spirits safeguarding the necropolis.
"
Gilf_Kebir_Plateau,"- Question: Imagine a documentary filmmaker is creating a film about early human settlements in the Sahara. Considering the geographical features and climate history associated with the area depicted in the image, which aspect of survival would they likely emphasize to illustrate the resilience of the ancient inhabitants during the African Humid Period?
Options: (A) Navigating dense forests for resources. (B) Constructing elaborate irrigation systems for agriculture. (C) Adapting hunting strategies to follow migrating herds of savannah animals. (D) Building permanent stone structures for protection from frequent flooding.
- Answer: (C) Adapting hunting strategies to follow migrating herds of savannah animals.
- Reason: The Gilf Kebir Plateau, during the African Humid Period, transformed into a savannah-like environment. Therefore, the early inhabitants would have primarily relied on hunting animals that thrived in this environment. Options A, B, and D are not suitable because they are not relevant to the geographical characteristics and the environment.
"
Green_Island_(Egypt),"- Question: A group of veterans, who served in the Egyptian army during the Six-Day War, are visiting a site that once played a crucial role in defending the Suez Canal. Reflecting on the past, what aspect of the site's history would most likely evoke a strong sense of both national pride and somber remembrance for them? Options: (A) The site's current popularity as a family-friendly tourist attraction. (B) The intense battle that took place there, showcasing the courage of the Egyptian soldiers. (C) The island's use by British forces prior to Egyptian independence. (D) The site's colorful gardens and recreational facilities.
- Answer: (B) The intense battle that took place there, showcasing the courage of the Egyptian soldiers.
- Reason: Given the image of Green Island and its history, the most poignant aspect for Egyptian veterans of the Six-Day War would be the memory of the fierce battle fought there. This event represents both national pride in the soldiers' bravery and a somber reminder of the sacrifices made during the conflict. The other options are either less relevant to their personal experience (British use) or focus on the island's modern, post-conflict state, which wouldn't resonate as deeply with their wartime memories.
"
Heliopolis_Palace,"- Question: In a scenario where the Head of State is facing a critical security threat requiring immediate evacuation and secure communication, which hidden feature within the building depicted is most likely activated to ensure their safety and continued governance? Options: (A) The Grand Ballroom (B) The Underground Bunker (C) The Extensive Gardens (D) The Luxury Hotel Suites
- Answer: (B) The Underground Bunker
- Reason: The introduction specifies a ""hidden underground bunker"" added to the Palace ""for times of emergency for the Head of State,"" making it the logical and only choice that directly addresses the scenario's need for immediate evacuation and security.
"
EL-Safa_Park,"- Question: A family from a nearby district, celebrating a child's graduation, decides to spend the afternoon at the park shown in the image. Considering the park's features and local customs, which activity would be most appropriate and culturally fitting for this celebration? Options: (A) Organizing a loud, amplified music concert (B) Setting up a large barbecue with open flames (C) Enjoying a quiet picnic with traditional Egyptian snacks and family games (D) Releasing a large number of balloons into the air
- Answer: (C) Enjoying a quiet picnic with traditional Egyptian snacks and family games
- Reason: El-Safa Park is a place for recreation, relaxation, and social gathering. A quiet picnic aligns with the park's atmosphere and Egyptian culture, which values family time and relaxed celebrations in public spaces. Options A, B and D would be culturally insensitive and negatively impacts the environment.
"
Mosque_of_Qanibay_al-Muhammadi,"- Question: A local craftsman is commissioned to create a replica of a decorative element from the building in the image for a modern art installation. Considering the historical period and regional artistic traditions associated with the building, which material would be most authentic and appropriate for replicating a complex geometric pattern found on its facade? Options: (A) Stainless Steel (B) Carved Stone (C) Cast Bronze (D) Molded Plastic
- Answer: (B) Carved Stone
- Reason: The Mosque of Qanibay al-Muhammadi, built during the Burji Mamluk period, is known for its intricate carved stone work. Replicating a decorative element authentically would necessitate using the same material and techniques as the original construction, making carved stone the most appropriate choice.
"
Sha'b_Abu_el-Nuhas,"- Question: A seasoned maritime historian is researching the evolution of 20th-century shipping disasters. Based on the geographical characteristics implied by the image, where would they most likely concentrate their initial investigation to understand common causes of shipwrecks related to navigation and maritime trade routes? Options: (A) An archaeological site along the Nile River (B) A coral reef known for numerous shipwrecks (C) A desert oasis with ancient trade caravans (D) A modern port city along the Mediterranean coast
- Answer: (B) A coral reef known for numerous shipwrecks
- Reason: The image implicitly suggests a location with a hazardous underwater environment, specifically a coral reef known for shipwrecks. Given the scenario focuses on maritime disasters, the historian would logically start at a location with a high incidence of such events.
"
Pharaon_Island,"- Question: A group of history enthusiasts is planning a themed tour focusing on the clash of civilizations in the Middle Ages. Considering the island's history, which historical figure's name and legacy are they most likely to prominently feature in their tour narrative while visiting the depicted location?
Options: (A) Richard the Lionheart (B) Genghis Khan (C) Saladin (D) Julius Caesar
- Answer: (C) Saladin
- Reason: The island's most significant historical period involves Saladin's conquest and fortification of it during the Crusades. His story is central to understanding the island's strategic importance and its role in the conflict between the Crusader kingdoms and the Ayyubid dynasty.
"
White_Pyramid_of_Amenemhat_II,"- Question: Imagine a local Egyptian family in the early 20th century is seeking building materials for a new home. Based on the image, what aspect of the structure might they have considered repurposing, leading to its current state?
Options: (A) The golden capstone (B) The mud-brick core (C) The white limestone casing (D) The internal sarcophagus
- Answer: (C) The white limestone casing
- Reason: The White Pyramid was originally covered in a casing of white limestone. Given its accessibility and aesthetic appeal, this casing would have been an attractive source of building material for local communities, leading to its removal and the pyramid's subsequent deterioration.
"
Umm_el-Qaab,"- Question: A museum curator is designing an exhibit on early Egyptian funerary practices. Considering the artifacts and burial customs associated with the site depicted in the image, which of the following exhibit sections would most accurately reflect the era's beliefs regarding the afterlife and the pharaoh's role?
Options: (A) ""The Pharaoh: Divine Ruler and Sole Navigator to the Afterlife"" highlighting elaborate personal possessions like gold masks and chariots. (B) ""The Pharaoh: Guiding Light Accompanied by Loyal Subjects"" showcasing pottery, tools, and evidence of multiple, simultaneous burials around the central royal tomb. (C) ""The Pharaoh: Humble Servant of the Gods, Preparing for Judgement"" focusing on texts describing moral obligations and ritual purity. (D) ""The Pharaoh: Builder of Grand Monuments, Immortalized in Stone"" featuring large-scale architectural models and inscriptions detailing construction projects.
- Answer: (B) ""The Pharaoh: Guiding Light Accompanied by Loyal Subjects"" showcasing pottery, tools, and evidence of multiple, simultaneous burials around the central royal tomb.
- Reason: Umm_el-Qaab is characterized by the presence of royal tombs surrounded by subsidiary burials (believed to be sacrificed individuals to accompany the king). The inclusion of pottery and tools as grave goods, reflecting everyday life, suggests the pharaoh was seen as needing provisions and companionship in the afterlife. This makes option (B) the most accurate portrayal of the funerary beliefs and royal role during the early dynastic period.
"
Dream_Park,"- Question: A family from Cairo is planning a day trip specifically designed to keep their children entertained during Eid al-Adha celebrations. Considering cultural norms and leisure activities common in Egypt, where would they most likely choose to spend their day? Options: (A) A quiet retreat to a Nile-side felucca (B) Exploring the historical sites in Old Cairo (C) Attending a traditional Eid feast at home with extended family (D) Visiting an amusement park with diverse entertainment options.
- Answer: (D) Visiting an amusement park with diverse entertainment options.
- Reason: During Eid al-Adha, families often seek fun and engaging activities for children. Amusement parks like the one in the image provide diverse entertainment suitable for all ages, aligning with the festive spirit and cultural norms of celebrating Eid in Egypt.
"
Sha'ar_Hashamayim_Synagogue_(Cairo),"- Question: A visiting scholar researching religious architecture in the Middle East observes a building with a design that incorporates elements from various architectural styles, including Beaux-Arts, Neo-Classical, and Islamic influences. Given this architectural blend, in which city would this scholar most likely be conducting their research?
Options: (A) Jerusalem (B) Cairo (C) Istanbul (D) Beirut
- Answer: (B) Cairo
- Reason: The Sha'ar Hashamayim Synagogue in Cairo is described as having a unique blend of Beaux-Arts, Neo-Classical, and Islamic architectural styles. This specific combination is not typically found in the other cities listed, making Cairo the most likely location for the scholar's research based on the description.
"
Gidi_Pass,"- Question: A film crew is planning to shoot a documentary about the modern history of Egypt, focusing on the challenges and triumphs of asserting national sovereignty. Considering the events associated with the location shown in the image, which aspect of the filming will likely require the greatest sensitivity and collaboration with local communities and governmental bodies? Options: (A) Recreating ancient pharaonic rituals (B) Depicting military engagements that occurred in the area (C) Showcasing the region's unique geological formations (D) Highlighting the area's role in cross-continental trade
- Answer: (B) Depicting military engagements that occurred in the area
- Reason: The Gidi Pass is strongly associated with modern military history and the Arab-Israeli conflicts. Depicting these engagements requires sensitivity to the experiences of soldiers, civilians, and the national narrative, making it the aspect most likely to require careful collaboration.
"
Desouk_Stadium,"- Question: During a local football derby held at the stadium, a sudden sandstorm descends upon Desouk. Given the likely cultural atmosphere surrounding the stadium, which of the following reactions is most probable among the fans? Options: (A) Immediate and orderly evacuation of the stadium. (B) Fans continuing to cheer and support their teams amidst the storm, viewing it as a test of their loyalty. (C) Violent disputes erupting between opposing fans due to the tense situation. (D) Fans calmly documenting the event on social media with detached amusement.
- Answer: (B) Fans continuing to cheer and support their teams amidst the storm, viewing it as a test of their loyalty.
- Reason: Football is deeply ingrained in Egyptian culture, especially at the local level. Despite adverse conditions, it is most likely that fans would continue to passionately support their teams, seeing it as a test of their dedication and loyalty. This reflects the strong community spirit and the cultural significance of football in the region.
"
Medinet_Madi,"- Question: During an annual festival celebrating a successful harvest in the Faiyum Oasis, local farmers bring offerings to the temple. Knowing the deities honored in the region, which combination of gifts would be most appropriate to ensure continued blessings for their crops and protection from the dangers of the nearby lake? Options: (A) Dates, woven baskets, and Nile perch (B) Wheat stalks, cobra figurines, and crocodile statues (C) Gold jewelry, papyrus scrolls, and ibis feathers (D) Figs, pottery shards, and desert fox pelts
- Answer: (B) Wheat stalks, cobra figurines, and crocodile statues
- Reason: The image depicts the ancient city of Medinet Madi, where temples were dedicated to Renenutet (cobra goddess of harvest and fertility) and Sobek (crocodile god). Therefore, wheat stalks would be a suitable offering for Renenutet, ensuring future bountiful harvests, while crocodile statues would honor Sobek, seeking protection from dangers associated with the lake. Cobra figurines would further honor Renenutet.
"
Pyramid_of_Neferefre,"- Question: Imagine a newly appointed archaeologist, fresh from their studies, is assigned to lead an excavation at the site depicted in the image. Given the historical context of this type of structure, which aspect of their work would likely require the most sensitivity and collaboration with local communities and religious leaders? Options: (A) Cataloging the types of stones used in construction. (B) Determining the original height and dimensions of the structure. (C) Handling human remains and funerary artifacts discovered within the site. (D) Analyzing the alignment of the structure with celestial events.
- Answer: (C) Handling human remains and funerary artifacts discovered within the site.
- Reason: The structure depicted is a pyramid, a type of ancient tomb. Excavating such sites often involves uncovering human remains and artifacts deeply connected to ancient burial rituals and religious beliefs. Therefore, handling these finds requires utmost sensitivity, respect for local cultural heritage, and close collaboration with local communities and religious leaders to ensure ethical and respectful treatment of the deceased and their belongings.
"
Bahr_Yousef_canal,"- Question: During a period of prolonged drought, a local Imam references a historical figure known for his wisdom in managing resources during famine. Considering the image and the context, what infrastructure project would the Imam most likely highlight as an example of foresight and resilience? Options: (A) A newly constructed solar power plant (B) An ancient waterway crucial for irrigation (C) A modern highway connecting major cities (D) A recently built dam on the Nile River
- Answer: (B) An ancient waterway crucial for irrigation
- Reason: The scenario involves a drought and a historical figure known for resource management during famine. The image shows the Bahr Yussef Canal, an ancient waterway vital for irrigation in the Faiyum Oasis. This aligns with the scenario, as the canal is crucial for agriculture, especially during droughts, and carries a cultural association with the biblical Joseph, known for his role in famine management.
"
Abu_Qir_Bay,"- Question: An Egyptian family plans a weekend trip to a coastal area known for both its historical significance and modern economic activity. They want to experience a location where they can explore ancient ruins, enjoy fresh seafood, and learn about a pivotal naval battle. Based on the image, which activity would be most relevant to the location's historical significance? Options: (A) Visiting a modern natural gas platform (B) Participating in a traditional fishing expedition (C) Exploring submerged archaeological sites (D) Sunbathing on the beach
- Answer: (C) Exploring submerged archaeological sites
- Reason: Abu Qir Bay is known for the submerged city of Canopus and the wrecks of ships from the Battle of the Nile. Exploring these submerged archaeological sites directly relates to the area's rich historical significance, blending the opportunity for historical exploration with its location shown in the image.
"
Al-Sayeda_Zainab_Mosque,"- Question: A local family in Cairo is facing a difficult financial situation and seeks divine intervention to improve their circumstances. Where would they most likely go to seek blessings and intercession, hoping for a positive change in their fortunes? Options: (A) A popular tourist market (B) A modern shopping mall (C) A religious site known for its association with a revered female figure from the Prophet's family (D) A government administrative building
- Answer: (C) A religious site known for its association with a revered female figure from the Prophet's family
- Reason: Given the cultural significance of Al-Sayeda Zainab Mosque, it is known as a place where people seek blessings and intercession, particularly from Sayeda Zainab, who is revered for her perceived ability to intercede on behalf of those in need. Therefore, a family seeking divine intervention would most likely visit such a site, which aligns with the description in option C.
"
Al_Fattah_Al_Alim_Mosque_(Cairo),"- Question: A newlywed couple residing in Egypt's New Administrative Capital seeks a location for their Aqd Nikah (Islamic marriage contract signing ceremony). They desire a setting that reflects both the modernity of their new home and the deep-rooted traditions of their faith. Which location would best symbolize this blend of contemporary progress and enduring Islamic values? Options: (A) A traditional Cairene coffee house known for preserving historical customs. (B) A newly built, large-scale religious site known for its modern architectural design. (C) A museum showcasing ancient Egyptian artifacts and history. (D) A community center focused on promoting technological advancements.
- Answer: (B) A newly built, large-scale religious site known for its modern architectural design.
- Reason: The scenario describes a couple seeking a location that represents both modernity and Islamic tradition. Option (B) best fits this description as the building in the image is a large, recently constructed mosque with modern design elements. This choice symbolizes the blend of progress and enduring faith, which is what the couple desires for their Aqd Nikah.
"
Sayeda_Aisha_Mosque,"- Question: A family from Upper Egypt is planning a trip to Cairo specifically seeking blessings and spiritual fulfillment. Knowing that the mother has a deep admiration for prominent female figures in Islamic history, which site is most likely their primary destination for prayer and reflection? Options: (A) The Egyptian Museum (B) A Coptic Orthodox Church known for its ancient icons (C) A modern shopping mall (D) A mosque associated with the name of the Prophet's wife.
- Answer: (D) A mosque associated with the name of the Prophet's wife.
- Reason: The scenario describes a family seeking spiritual fulfillment and the mother's admiration for female figures in Islamic history. Given the image and the provided information, the mosque associated with the name of the Prophet's wife (Sayeda Aisha Mosque) is the most logical and relevant destination for their pilgrimage.
"
Port_Tewfik_Memorial,"- Question: A group of history enthusiasts is visiting the location depicted in the image as part of a tour focused on understanding the impact of colonial armies in global conflicts. Considering the history and regional context, what aspect of the monument would most directly prompt a discussion about the complex relationship between the colonizer and the colonized during wartime? Options: (A) The architectural style of the monument (B) The origin of the construction materials (C) The names inscribed on the monument (D) The geographical location of the monument
- Answer: (C) The names inscribed on the monument
- Reason: The inscribed names directly represent the individuals from the British Indian Army who served and died, highlighting the contribution of colonial troops. This would prompt discussion about their role, their experiences, and the broader themes of colonialism and sacrifice.
"
Attarine_Mosque,"- Question: A local merchant in the Attarine district is preparing for a religious holiday. Remembering the traditions of the area, which aspect of the location pictured would he most likely emphasize when guiding visiting relatives unfamiliar with the city's history? Options: (A) The modern shopping centers nearby. (B) The blend of architectural styles reflecting Alexandria's past. (C) The mosque's proximity to the Mediterranean Sea. (D) The availability of fresh seafood at local restaurants.
- Answer: (B) The blend of architectural styles reflecting Alexandria's past.
- Reason: The Attarine Mosque is known for incorporating Roman and Byzantine columns, demonstrating the blending of different eras and cultures in Alexandria's history. A local merchant emphasizing this architectural blend to visiting relatives aligns with the cultural significance and historical depth represented by the mosque.
"
Mosque_of_Sultan_Abu_al-Ila,"- Question: A group of travelers, deeply interested in Sufi traditions, are planning a visit to the site shown in the image. Knowing the cultural context, what would be the most respectful and appropriate way for them to approach a local worshiper inside the mosque if they wish to learn more about Abu al-Ila's teachings? Options: (A) Immediately start recording a video of the worshiper and ask direct questions about miracles attributed to Abu al-Ila. (B) Quietly observe the worshiper from a distance and attempt to interpret their actions without any direct interaction. (C) Approach the worshiper calmly and respectfully, offering a polite greeting, and explaining their interest in learning about Abu al-Ila's teachings. (D) Offer the worshiper a large sum of money in exchange for a detailed account of Abu al-Ila's life and legacy.
- Answer: (C) Approach the worshiper calmly and respectfully, offering a polite greeting, and explaining their interest in learning about Abu al-Ila's teachings.
- Reason: Given the site's significance within Sufi culture, the most respectful approach would be to engage with worshippers politely and show genuine interest in learning, rather than being intrusive, attempting to interpret without interaction, or offering money, all of which could be perceived as disrespectful.
"
Al-Fath_Mosque,"- Question: Considering recent socio-political events near the structure in the image, how might local Cairenes' perceptions of this building differ significantly based on their political affiliations and experiences during the 2013 protests? Options: (A) It is universally seen as a symbol of national unity and religious tolerance. (B) It is viewed neutrally, merely as a place of worship without political connotations. (C) It may be viewed as a symbol of resistance by some and a site of violence by others, depending on their political stance. (D) It is primarily remembered for its architectural grandeur, overshadowing any political associations.
- Answer: (C) It may be viewed as a symbol of resistance by some and a site of violence by others, depending on their political stance.
- Reason: The events of 2013, where protestors occupied the mosque and subsequent clashes occurred, have indelibly altered the cultural significance of the mosque. Depending on one's political perspective and experiences during that time, the mosque may be viewed as a symbol of resistance or a site of violence, leading to significantly different perceptions among local Cairenes based on their political affiliations.
"
Gezira_Center_for_Modern_Art,"- Question: An art collector visiting Cairo seeks a location that best reflects Egypt's commitment to showcasing its contemporary art scene while preserving a connection to the nation's early 20th-century heritage. Which venue is the most suitable choice, considering its unique setting and historical significance? Options: (A) A newly constructed gallery in New Cairo known for its modern design. (B) An ancient temple converted into an exhibition space focusing on Pharaonic art. (C) A repurposed historical villa on an island in the Nile, now dedicated to modern art. (D) A traditional bazaar featuring local crafts and folk art.
- Answer: (C) A repurposed historical villa on an island in the Nile, now dedicated to modern art.
- Reason: The image and introduction indicate the Gezira Center for Modern Art is located in a repurposed villa on Gezira Island in the Nile. This uniquely combines early 20th-century heritage with a focus on showcasing modern Egyptian art, making it the best choice to reflect both aspects sought by the art collector.
"
Pyramid_of_Seila,"- Question: A local community near a lesser-known ancient site is considering a small-scale cultural festival. Given that the site was likely built during a period of significant architectural experimentation and has a distinct lack of grand features compared to other royal monuments, which type of event would be most appropriate to honor its unique historical context without overshadowing it? Options: (A) A large-scale reenactment of a pharaoh's burial ceremony (B) A research symposium and educational workshops focusing on ancient building techniques (C) A sound and light show projecting images of deities and hieroglyphs onto the structure (D) A lavish celebration featuring modern pop music and fireworks.
- Answer: (B) A research symposium and educational workshops focusing on ancient building techniques
- Reason: Because the Pyramid of Seila is valued by archaeologists and historians for its contribution to understanding the development of pyramid building technology, research symposiums and educational workshops focusing on ancient building techniques would be most suitable to honor its historical context. The other options would overshadow it, not be appropriate for its size, or disrespect its historical significance.
"
Amada,"- Question: A local Nubian artisan is creating a modern art piece intended to honor the historical relationship between Nubia and Egypt. Drawing inspiration from the image, which design element would most effectively represent the era when Egyptian influence was strongest in Nubia, as evidenced by structures like the one in the image? Options: (A) Depictions of the Aswan High Dam's construction. (B) Scenes of elaborate pharaohs offering to the gods. (C) Modern-day Nubian village life. (D) Abstract patterns representing the Nile's flow.
- Answer: (B) Scenes of elaborate pharaohs offering to the gods.
- Reason: The image represents a temple built during the New Kingdom, when Egyptian pharaohs exerted considerable influence over Nubia. Scenes depicting pharaohs offering to the gods, as seen in the Amada temple, would best represent this period of strong Egyptian influence and religious authority in Nubia. The other options do not directly represent the established era of strong Egyptian influence.
"
Koubbeh_Palace,"- Question: A visiting head of state, deeply interested in horticulture, requests a private tour focusing on the unique flora within the palace grounds. Knowing the historical context and the significance of such a visit, which aspect of the gardens would the palace staff most likely emphasize during this exclusive tour?
Options: (A) The modern irrigation systems installed for water conservation (B) The exotic plant species representing Egypt's historical connections and the ruler's vision for modernizing the country (C) The sculptures and statues placed throughout the gardens (D) The areas designated for local bird watching

- Answer: (B) The exotic plant species representing Egypt's historical connections and the ruler's vision for modernizing the country

- Reason: Koubbeh Palace was built during a period of modernization and Westernization. Highlighting exotic plant species during the tour for the visiting head of state emphasizes the historical connection and ruler's desire to showcase Egypt's place on the world stage.
"
Relations_of_Egypt_and_Italy,"- Question: An Italian businessman is planning to invest in a new resort project on the Egyptian coast. To show respect and build rapport with local Egyptian partners, which gesture would be most appropriate during their initial business meeting, considering the historical and cultural context of their countries' relationship?
Options: (A) Presenting a detailed map highlighting Italy's past colonial influence in the region (B) Initiating the meeting by discussing the latest European Union regulations affecting trade (C) Expressing admiration for Egypt's ancient history and its modern contributions to the Mediterranean region (D) Insisting on conducting the meeting solely in Italian to emphasize the importance of his company
- Answer: (C) Expressing admiration for Egypt's ancient history and its modern contributions to the Mediterranean region
- Reason: Given the long and complex history between Egypt and Italy, acknowledging and respecting Egypt's rich history and current role in the Mediterranean region demonstrates cultural sensitivity and builds a positive foundation for a business relationship. Options A, B, and D could be perceived as insensitive, arrogant, or dismissive of Egyptian culture and perspectives.
"
Sohag_Stadium,"- Question: During a local derby match, a player scores a winning goal in the final minutes. Considering the cultural importance of football in the region symbolized by the stadium in the image, what is the most likely immediate reaction from the crowd? Options: (A) Polite applause and orderly departure (B) A wave of jubilant cheering, flag-waving, and potentially some fans rushing onto the field (C) Silent acknowledgment and a calm return to their seats (D) Disinterest and immediate focus on leaving the stadium
- Answer: (B) A wave of jubilant cheering, flag-waving, and potentially some fans rushing onto the field
- Reason: Football is immensely popular in Egypt, and local derbies are highly charged events. A winning goal in the final minutes would likely elicit an outpouring of passionate celebration from the crowd, as Sohag Stadium serves as a focal point for community gatherings and displays of local pride.
"
Userkaf_sun_temple,"- Question: Imagine a high-ranking priest in ancient Egypt, tasked with reinforcing the pharaoh's divine right to rule during a period of political uncertainty. Drawing inspiration from structures like the one in the image, which aspect of religious practice would he most likely emphasize to solidify the pharaoh's connection to the supreme deity? Options: (A) Promoting elaborate funerary rituals within the royal pyramid (B) Highlighting the pharaoh's role in overseeing agricultural fertility rites (C) Emphasizing the pharaoh's lineage as the ""Son of Ra"" through grand solar temple ceremonies (D) Advocating for the worship of multiple gods to appease different regions.
- Answer: (C) Emphasizing the pharaoh's lineage as the ""Son of Ra"" through grand solar temple ceremonies.
- Reason: The Userkaf Sun Temple signifies a shift towards prioritizing the worship of Ra and solidifying the pharaoh's association with the sun god. Emphasizing the pharaoh's lineage as the ""Son of Ra"" through ceremonies within a dedicated sun temple would directly reinforce his divine right to rule, especially during a time of political uncertainty, by associating him directly with the supreme deity of the time.
"
Ras_el-Tin_Palace,"- Question: In a historical drama set in the mid-20th century, a scene depicts the final moments of a monarch's reign in Egypt. Facing immense pressure, the monarch signs a pivotal document within a palace, signaling the end of dynastic rule. Subsequently, the monarch boards a royal yacht from the palace's harbor, departing into exile. Given this scenario, which element would most likely be emphasized to convey the gravity and finality of this transition? Options: (A) A bustling marketplace scene showing public unrest (B) The signing of the abdication document within the palace walls (C) A panoramic view of the Pyramids of Giza (D) A detailed shot of hieroglyphics in a tomb

- Answer: (B) The signing of the abdication document within the palace walls
- Reason: The image is of Ras El-Tin Palace. As stated in the introduction, the most significant historical event associated with Ras el-Tin Palace occurred in 1952 during the Egyptian Revolution when King Farouk abdicated the throne from within its walls. Showing the signing of the abdication document within the palace would emphasize the end of the monarchy in a dramatic way.
"
"Tirbana_mosque,_Alexandria","- Question: A local Alexandrian merchant, returning from a successful trading voyage to Europe in the early 19th century, seeks to express his gratitude and contribute to the community. Considering the architectural styles prevalent in the Gomrok district during that period, and the need for a community space, where would this merchant most likely direct his charitable efforts? Options: (A) Funding the construction of a new Coptic Orthodox Church with distinctly Byzantine architectural elements. (B) Donating to the renovation of a synagogue, emphasizing Art Deco design. (C) Commissioning the building of a mosque with a blend of Ottoman, Mamluk, and European architectural styles. (D) Sponsoring the creation of a pharaonic-themed museum showcasing ancient Egyptian artifacts.
- Answer: (C) Commissioning the building of a mosque with a blend of Ottoman, Mamluk, and European architectural styles.
- Reason: The Tarabana Mosque, with its blend of Ottoman, Mamluk, and European architectural styles, reflects the cultural and architectural influences prevalent in Alexandria, particularly in the Gomrok district during the early 19th century. A wealthy merchant looking to contribute to the community and express gratitude would likely support the construction or renovation of a religious structure reflecting these local styles and needs. The mosque would have also served as a community center.
"
Abu_Ghurab,"- Question: Imagine a Fifth Dynasty pharaoh seeking to demonstrate his divine connection to Ra and ensure the prosperity of Egypt. Which specific architectural element, as exemplified by structures similar to the one in the image, would he most likely commission to symbolize the primeval mound rising from the waters of chaos, thus solidifying his role in maintaining cosmic order? Options: (A) A large mud-brick pyramid (B) A giant alabaster altar composed of five blocks (C) A symbolic Benben Stone supported by a low platform (D) A complex drainage system used for ritual purification
- Answer: (C) A symbolic Benben Stone supported by a low platform
- Reason: The Benben Stone, a representation of the primeval mound from creation myths, symbolizes the pharaoh's connection to Ra and his role in maintaining cosmic order. Pharaohs commissioned this architectural element to solidify their role in maintaining cosmic order.
"
